TransactionID,Time,V1,V2,V3,V4,V5,Amount,Class
1,105509,0.4091006183324468,-1.7798529462216388,2.1819848092499425,-2.1495762115515324,0.4847862320947285,34.35812883278965,1
2,93608,1.86536893503283,-1.7961368031864953,0.14993650253387292,-2.243604262169765,0.41709016053948234,15.565817621414745,1
3,114310,0.2071339989144545,-2.4452052644122255,1.7662696720435234,-0.2220214763604429,1.4773635251066617,55.28487272926035,1
4,143181,0.7764014182718229,-2.365617404190149,0.12587815378363176,-0.09657208321269128,-0.407369782230964,29.769864152553204,1
5,45802,0.8346290861224352,-2.4357477390168776,-0.096624493402839,0.32782117284308526,0.9242701395378298,12.035036660000301,0
6,34622,1.7148835960763722,-0.1800747473647657,1.4243402100148683,-1.3327254982169037,1.7396638644311888,144.7940602124476,1
7,109935,0.9569388011191334,-0.9977120638564959,2.17036516022993,0.47189242193865644,0.7891874397209125,8.090122818638742,1
8,117919,1.2516609768510798,-0.7709253117942975,2.1743180127155615,-0.5756603432219174,1.8040175547613144,13.502593996659021,1
9,133669,1.0308773143571837,-0.9204264650578342,1.8588244161636094,-0.10367713791967659,1.1787998123854608,20.49700494615631,1
10,171669,0.47989415115347844,1.5920022863445993,0.818316606002313,-1.570500603623177,-0.9896281365703375,16.363807508622116,0
11,172026,0.07846985257497252,-0.2906474855446828,1.1194582555188832,-0.9385122446072248,0.47610995767764747,85.58190861306109,1
12,69519,2.8269324258736215,-0.33086877292032063,-0.5894394425182221,1.044160877069072,0.6818914896263114,35.81412474037158,0
13,148112,1.4783486346446695,-1.5092133625991346,0.2536402801130272,-1.3849076534177698,0.4212414284783115,141.39392235019446,1
14,44772,0.6001786060829385,-1.657134962278058,0.4022810961017552,-1.4534628957248072,0.5134583841022402,18.90440443118618,1
15,122431,1.2683715659676587,-2.7464667255790336,1.431647667125763,-1.8471575686902646,2.611028809190788,15.05473233355411,1
16,96090,-0.07568265999573165,-1.1285462932519568,0.44832487784358444,-2.9943824698200245,2.4994709401137896,36.43764985700854,1
17,158988,0.9969544045107357,-0.13381948975600994,1.0731246375866412,0.3696421921980939,-0.10730214400422888,36.67757785520873,0
18,44871,1.8445954324151765,-1.3824523976692902,-0.8759632998916196,-1.3703140677864662,-0.27910821436284816,152.47280668382174,1
19,26372,-0.3958939685741134,-1.739028658023233,1.75233033817668,0.6273053642892163,0.4805652473414494,57.1684828413789,1
20,39080,0.2242357134645401,0.8704806172412125,-1.1718572330401555,-1.5537587660160643,0.8178896580250287,29.455223154736306,0
21,106242,1.0184968378643329,-3.1770650464428547,1.2784766638853897,0.6288577078135673,-0.5741321320421057,180.77387189235588,1
22,42722,0.127053940076577,1.9117084801423434,-1.4719011429313564,-1.6135613978767411,1.4711703274936085,42.479504790728875,0
23,29048,0.561250531233856,-0.16927713924620313,0.043388467342251075,-1.77623523289832,0.40865281148067084,51.84188753274814,0
24,85205,1.4668183962954018,-1.3391222792700388,1.4700611152689556,-0.9237326800997566,1.3578056099257847,85.56007161981016,1
25,140849,0.1998459235200472,-0.003673750176965862,-0.977982586756561,-0.82688035403986,-0.22647889190152676,55.35690813703086,0
26,54711,-0.0223204692113399,1.4171585208254964,1.4213160519224513,0.9983108981479604,-0.4316203127180484,58.58783727968113,0
27,167403,0.6934853854217495,1.0951932200277323,0.5351718016819695,1.0495527153193351,-0.535235211560568,22.67854241801829,0
28,20968,0.23329810929734018,-1.796064137720634,1.2029173905232373,-3.1140440660001056,2.573441885622985,252.19313403232692,1
29,11292,1.335563416414709,-0.2714813564854638,1.7376058122312088,-0.5412301947560785,2.0955313880867092,66.38570396390965,1
30,171866,0.9188745151119136,-0.42065324024322426,2.5120268785432494,-1.4281437391691783,0.9989337870288837,24.4109919142191,1
31,79459,-0.384629825760004,0.9906255991627686,-2.0701038177118356,0.8925973382993092,-1.2111719292807812,8.99549676483981,0
32,50192,0.740474737960399,0.1803622010733188,0.4524899544171478,0.22391413406466143,1.3641404299738442,10.937771948193209,0
33,158775,1.443123458512893,-1.2942425056364577,2.456583385827982,-1.000352577794164,1.131842092134848,29.60173820788347,1
34,84193,0.37748051851886255,0.4577525401427507,-1.3417605754816244,0.33417641724489744,-0.15525904882474875,9.539873659486533,0
35,69165,1.3599363840466219,0.8170059495766975,0.5835693232004776,-1.3659557112005343,1.2119439853864005,33.85406757489064,0
36,67650,-0.25185814589244676,2.7581992856682525,-0.6642475986573886,0.18455130319703697,1.5421099525678756,34.89654567797807,0
37,129858,1.8958638390937854,0.17344227663244483,0.8274552786381909,-1.1405987069098615,1.4001430331138838,133.44610512356226,1
38,101398,3.055503314794263,-0.7757652554647082,0.7535734939931005,-2.411567359102828,0.6373404796838322,45.33839511608604,1
39,97885,2.0417807747840127,-2.0512200297825025,-1.4317693162508136,-1.027106007780926,0.7582424459724615,96.52097644390315,1
40,153329,1.3531528533329036,0.16044484614334498,0.5815006973726244,0.028318376130461172,0.02975613949574519,79.67776908157137,0
41,100588,0.46476084123651673,0.25088770185601805,0.0733416643704082,0.24395319790850026,-0.22320225463480511,58.073406251667805,0
42,103356,1.0858001586508321,0.6254575617849647,-1.066976143129213,-0.047711356141979855,-0.0036025390905684044,43.22885661095593,0
43,83509,1.1508979621679722,0.06262821160060336,0.29046484992888955,-0.10322175293249623,0.26536234939962844,69.60766663593995,0
44,51672,0.5644589011844433,-0.7916774913744078,1.460368715904861,-1.7106450871824899,2.1710653260070334,26.655189267094034,1
45,22113,1.3701502383164275,0.17347874075093994,-0.9818746512277178,-0.16306696394376388,-0.7449026448064491,58.36205629693989,0
46,694,0.5801611588196067,-0.6096035199216461,0.3240610444640897,-0.47383934707091613,-0.014452270878279104,19.294205362738417,0
47,15588,0.8796149405632057,-2.7793989305072206,0.1600321708499336,-0.32334895919944256,2.6159076311326945,9.244125289767862,1
48,64373,1.7925672738473306,-3.704391631602775,0.47011544763618973,-1.2882738424515447,1.5333268260712385,128.45204692676543,1
49,85603,1.7313667818311835,1.2817667276728286,-1.4122191934314063,0.6220699903060487,1.3289333195354096,31.5006150485903,0
50,6704,-0.7550487703182829,-1.3689394390314622,1.3138087939410634,-1.717976104610736,2.6311696317672997,47.04152349232555,1
51,40136,0.675337592933197,-0.5063451523568492,2.3960630617813963,-1.9071568168024517,0.5344940630147341,15.343155877850455,1
52,67507,2.003154742614022,-0.760372481761002,1.8330542814659987,-2.692762177590052,1.21149085879779,26.356839308107663,1
53,47361,-1.2841359430054897,0.46712665101148343,0.40872502322993387,-1.5811907020321334,0.8950383140761154,31.388047875498565,0
54,58847,1.8928575842374367,-0.4174286811911948,0.3000594932980659,-2.708002137123308,0.506947242938599,68.99433876541231,1
55,106359,0.4292211819752275,0.3093947946048929,0.625766623898692,0.4810092317367132,0.22388402427913137,9.186422992926977,0
56,142513,2.148956094945345,1.3265650295477573,-0.36888869055483053,-1.1065259087416703,2.5733598032498604,19.268353768073872,0
57,118906,0.9756810291218951,-0.14041512765644382,1.1798014840587332,0.3395555360254692,0.5126380354471888,25.641406848709245,1
58,14677,0.3865897874728999,0.044322764607920534,1.0677820616598073,0.2544208433012131,0.3376026620752022,21.82211873897235,0
59,27818,-0.6533286082587124,0.32267031599479556,1.5246784584695605,0.3230792731160291,-0.2523535021262876,6.168534729604293,0
60,1868,2.2287689914234807,-0.4983149548312118,1.3483251425158822,-0.7218822647639836,1.3002358555267752,66.428850594689,1
61,83591,-0.671656734541286,-1.1796181647889306,-0.7267172245899651,0.8623934723827588,0.9531250453760867,74.41368684496739,0
62,123962,1.0077519354554754,-0.3624667758942676,0.532407739055521,0.9725544496267299,0.6218099622171964,83.75530987989403,0
63,67264,-0.2359095238685276,-2.315815816427507,1.3810092502818063,-2.9325956261548365,1.9126374096440717,30.370408521109802,1
64,73168,0.7687742560750237,-0.7983854391882914,0.20179189981946596,0.7660802783846903,1.2269332238843076,1061.52129437695,0
65,143115,3.3699365880805425,-2.423682636883923,-0.7518427315746585,-0.016410335201393345,0.2213569387058968,26.321800974331666,1
66,71939,2.388596823087008,0.849362141386381,1.9431053323232401,0.36283857753498583,0.31998366734631534,534.6711240838836,1
67,15732,1.244358797515607,-2.745707432859652,1.5947056537750326,-0.4165649685963559,0.4906915259042788,34.49828766065315,1
68,55244,0.6612391626539043,-1.2549469704035894,1.3561706056942782,0.39331100592712587,0.12825918540321768,32.26942940822527,1
69,149598,-0.3231405264247644,-0.35547711916025465,-0.7373871273065177,1.1890165311075518,1.4205042479898549,45.84453712626366,0
70,9340,1.0418461556276797,2.2430929695947333,3.4079162506161107,-0.9814490692475168,0.7936629974686851,68.32094656720913,1
71,22394,1.8739867632900329,-1.0257656630023413,-1.5643748802098203,0.22445181855997204,1.0470983026121545,38.74958443751365,0
72,98557,0.04114559963016834,0.5525049683568796,-0.6703513664136805,-1.8206033005485172,0.2700573583914221,15.25403744956959,0
73,135174,1.7152943216244674,-1.8342818100346248,3.2840967333804563,-0.22949279164548408,0.31935169744604897,8.86420072407723,1
74,19159,1.0713405536479441,0.4069347458917507,0.6158815054151824,0.15526923720720542,0.861257105010457,961.4120177740331,1
75,122366,0.2451059993837136,0.48555407485765695,0.42112242837933833,0.645215585950057,0.5556044660034485,19.48357335974155,0
76,6212,-0.06961033604363398,0.5771003939021865,-0.12926281368497836,1.1260502507721681,-0.05139372358848624,18.907722418047396,0
77,37405,2.1976320769202444,-1.2867942357382693,1.859514887486108,-1.091758632258537,0.8401738564700963,2.983245436856302,1
78,130632,-0.009546439313990296,0.526133022242118,-1.351113576385303,0.924027019206901,-0.18490213644298903,39.534555500978556,0
79,77061,2.1134737320174066,-0.46237009705012033,1.5281862478105763,-1.0799933018744798,-0.37903073621978634,63.028558708217375,1
80,94296,3.0596600389110775,0.592415967178767,-0.6089636257074987,-0.025574312191994436,-1.7690759048891183,19.444917989719563,0
81,55186,-0.15751753984193506,-1.9006713825124801,0.13579992857675538,0.2800560591393102,1.8427885141400755,91.43497724341867,1
82,123145,-1.044450511034277,-0.7186519464841983,-1.104140766752068,-0.7677975651041284,-0.03468488738678118,31.037336735215636,0
83,10532,1.6956838107899561,-0.3621680265783021,-0.3092218737445278,-1.6834381922209503,-0.8058700664961888,50.19388099995106,0
84,66540,0.5342147325365207,1.7505004928140768,-1.098354040738791,0.9843223984765838,-0.21398884422550896,81.7102626740663,0
85,103021,0.6267447646023201,0.5004743596108283,0.522207144043402,-1.1388331177807691,1.0391117874202687,44.3339042477533,0
86,3271,0.48531932300956815,-0.4787200949861855,1.4216785413765,-0.6319401940331798,-0.09514848185337943,83.55373294690213,1
87,209,1.7377681903684836,-0.6936105179265859,0.10169322470894515,-0.2812069825482788,1.763528242521521,45.46075966669133,1
88,136611,0.6035885920311204,-1.2991817724274344,1.9089192693927195,-1.3844552918504383,0.15064231057722244,113.93430350627148,1
89,19977,1.4495481895980769,-2.1830561847343892,0.8472367449038147,0.22941310095532597,1.696701927070742,157.294261017799,1
90,109920,-0.27360177289690096,0.3018562952619867,1.4490201514951873,-1.2391070756539009,-1.46752526575244,67.52490039313315,0
91,128156,1.1187776437548607,1.7379319184125528,-1.222544806244414,-0.9175028210142636,1.0176614668435024,4.896368696934786,0
92,99588,-0.15165947615962272,0.39502498402812675,-0.8582820688875902,-1.1306153349375263,0.6227112239002686,78.22803510253175,0
93,68684,1.234027411072232,-0.8886273981599476,0.9209067149838438,-0.40418021890407696,1.5928557558178116,36.18242099032844,1
94,123862,-0.7721390119856069,-2.721350483494607,0.33655980415766784,0.9039348410861953,-2.3629324355418384,21.395332846423194,0
95,5607,1.7433908278718095,-0.9968522730936734,2.329990368438683,0.18268314276994113,-0.5000707231830092,44.182687112709694,1
96,94786,0.9791427754381954,-0.10204549948986419,-0.42944778634709135,0.7318707042882956,0.3350580290841175,143.41664437837366,0
97,126406,1.0416945219903362,-1.1838538931592097,0.25432689550588716,-0.8140989659066716,0.8373517778781785,106.20984677713876,1
98,149666,-0.9803043986708944,1.0724573282801446,0.550201177958661,-0.09917586377938291,1.8466369960476658,20.557293989118595,0
99,7399,-1.185560373036972,0.46705026586925885,0.7896307956234371,0.08228398927542419,1.0654803750653512,11.284318723198583,0
100,126812,1.6360057752225798,-0.15616049035826274,1.4926341156509682,-0.3464144764907816,-0.6822231667464776,54.46706238604949,1
101,156189,1.4094700836477725,-1.984534050481968,1.0940452907872706,-0.015997220689252023,0.7117386649136934,10.416351096529375,1
102,98662,0.6636318826249679,1.0868873900973004,-0.5207617936810532,-2.6042138566271342,0.19894814679649453,124.93837244085624,0
103,33617,0.24881562961204384,-1.3418218202461356,0.09307263905485597,-0.7521746802153171,0.3358038201395135,96.90628921832497,1
104,138570,-1.1063174636718338,0.11689442737130525,-1.6047203740310023,0.7600559636896026,0.08243975293450329,103.5671333947407,0
105,102826,1.6915056472467835,-1.0092885615678158,1.406981072686238,1.013407698515423,0.5571211384424359,85.02982951924471,1
106,129851,-1.1919562043130238,-0.1552256242183001,1.0944397063519296,0.3785126897984228,-0.47340288896974914,84.12156462969793,1
107,111077,2.201824853681937,-1.497570838385207,0.31799650748896313,-1.5597031174802871,-0.8710685530880912,309.493340780554,1
108,50624,1.0938059099602468,2.0982994340712575,0.8418248619685658,-0.28987563874992517,0.2506351803861191,16.9174503228187,1
109,9628,0.4605739810498646,0.20304602015341447,0.3369381697463498,1.1906462747863413,0.9495541354413237,26.55321136119619,0
110,131401,0.47603526953221253,-1.6443402670219842,-1.6391402061374727,0.38614547404229893,2.440323979819886,67.2086868216033,1
111,38619,0.7030679748820217,-1.1825689743795411,0.1100422074479862,-0.8350076100062359,0.0889991363711552,32.79228606577116,1
112,7032,1.719358745637888,0.6733639461525236,0.5105476000612816,-2.3824279740236403,1.7168370114309812,70.66680766216164,1
113,38034,0.3392708366046615,-0.3276106623886176,1.2666558173598441,0.380989905305672,1.3032745630371718,32.615303351689434,1
114,102658,0.20641048440596377,-0.864075432781652,1.1844667863899474,-1.8692544937550801,1.856295002091346,51.732962505641304,1
115,121123,-0.2551995266931984,2.0811570694405903,-1.548013900416244,-2.198805956620082,0.4400144500533324,75.47956111764685,0
116,86158,-0.8755946056248516,-0.6950698422766046,0.4972282182533848,-0.9483480042242007,0.46320629209912306,25.98537420071306,0
117,55264,0.838296079049633,1.2725073373098021,-0.46495272954288536,-0.8392096673390064,-1.0448091940210336,27.082384367969322,0
118,94120,0.9722803851642471,-0.28450690323051475,-0.2990784281844754,-2.3202867922406094,1.350962634776477,173.05169126668034,1
119,47850,2.229457481598357,-0.12768461997154967,-0.043019312073728555,0.02015818675548442,0.8353113949674815,57.915451924397466,1
120,4722,0.8935567222808618,-2.74038863466428,0.555900776529761,0.19473619471877485,-0.018708756445897416,45.66416877784038,0
121,17772,1.1634100256570687,-0.34035000191762954,2.190183471020447,-1.5480960646216473,-1.0673250642259946,50.70513240825186,1
122,86105,-0.5610879101735704,1.6033699701251907,0.5979032725390276,-0.4430440211284823,-0.47949296739924335,113.49609167863619,0
123,172751,0.6293595697998872,-0.1475313565670494,-0.1291835978004161,0.6521176991825604,0.9141492649657583,250.44482122556064,1
124,4576,2.2011906857530072,0.13933918618537924,-0.8084067669104628,-1.5137143926128271,-1.803139676255945,14.378910372149267,0
125,157779,1.4876793884615638,-0.26461729729839306,0.10115965587283929,0.28328787154614216,-0.25890497370407733,39.165994508842594,0
126,99404,0.8743889478514963,-1.1643352058853913,1.3120933530741754,-1.7933586995819506,-0.11587882698997831,36.75665465243083,1
127,172704,1.1081552356650448,-1.0874353287771812,1.648319627554499,0.14959457136448817,0.8405848187275059,17.864464894410954,1
128,41476,0.3036956718478473,1.2114630354083562,1.241475915530881,-0.742484232538384,-0.4853058353678683,60.50374681508636,0
129,161357,0.702038153182158,-1.5125341106465502,0.29847240989545853,-1.1471864951122626,1.670802219987971,65.21895230826043,1
130,24154,0.7762403179772968,-1.453414108383854,-0.695643172630015,-1.1300901917014374,1.632829081821745,76.59661431954049,1
131,151126,1.2284575811831588,-3.077811819856197,0.7797021954633582,0.8433781558045339,1.260647891435795,97.5004784620787,1
132,17165,1.1866953646213647,-1.5998220233198492,-0.45878699502384146,0.01937326813940632,1.323889482443986,47.60817596972849,1
133,14439,0.741940649569409,-0.8903990774428461,1.31093237974627,-0.09858813228426173,0.018849622944847662,10.772484333820808,0
134,118211,0.5614141748549698,0.6533096371785305,1.7230873478890953,-0.5601422541507034,1.3863099933502216,378.0982339607842,1
135,44518,0.08595354983800663,-0.7413388521446118,1.3127397758576604,-0.01712626505142756,0.46887443042490096,56.511322240070534,1
136,26962,-1.2702247198904564,-0.5271371758248686,-0.34751863555150475,-0.07443342910004629,0.620672097550678,76.56592291527998,0
137,37763,1.2980101098596522,-2.696255378193689,1.9883747047807274,-0.13958962815517376,1.1081828167375165,67.48657926043872,0
138,116189,0.2643585177025164,-1.4151318159055095,1.0647393544571713,-0.7345915767980492,-0.810252437014381,65.56698543402194,0
139,110290,-0.21121567643118516,-0.7896048202585808,-0.22578692009964815,0.055724912288694604,1.0941915184709485,36.59202537504056,0
140,110814,0.5029230208512997,-1.315744114997232,1.4475052013300616,1.7958776730955217,-0.6127886904843862,32.06472655726591,0
141,19464,0.6078017688920592,-1.5101683926566256,-1.448185422105713,0.743264094022715,0.17086543812794186,8.752419782152687,0
142,123980,-1.3163106084365879,-0.8536824191463541,-1.1678029215791932,0.9503075919735757,1.7106133725819253,18.393616787132704,0
143,164342,0.946323922457619,-1.3451647054497964,1.5892545350763276,-0.11364644498546694,0.061107325974263715,116.45386073167796,1
144,42299,0.7477169258102776,-1.3708761520684993,-1.2267674689098054,-1.1939250063990554,0.14294309476370676,60.09445696385301,0
145,31541,1.178755220723758,-0.7064624700313595,1.3494176876850417,-1.126673247509044,1.0247520996639345,50.619374368871284,1
146,73545,1.1972138893330988,-1.5330904020158331,0.7559360432957736,-1.174534150750251,-0.07992557478224449,31.49676106033496,1
147,129188,1.9290636450023644,-0.6488345323729159,1.4416602319526264,-1.0713149780682976,-0.31658080413570955,16.745438194469983,1
148,29765,0.8131057981760828,-0.059546677583917185,0.638810480887503,0.6153674840130534,-0.9354387020445953,11.242859698153763,0
149,23769,0.7193520585117585,1.5393816227828614,1.0601056162482883,-2.204239566261589,0.7658197893230755,11.600398778131115,1
150,20156,1.9426729532559635,-0.7006207346478688,0.538391925608383,-0.3286184757489846,0.6031874310823431,56.57919413791931,0
151,144507,1.7583364232117056,0.8566474365619547,0.6182340289065249,-0.475541395647483,-0.9038627925623649,29.879700721967275,1
152,167207,0.6885786045309641,2.6929995174327908,-0.10607091153989333,0.8384907744516419,0.08182935854756501,11.33422435614585,0
153,73631,2.8722659040975276,-1.7373799034979585,0.2658151512673763,-3.066052094149283,0.5492217943984459,6.648245984582962,1
154,37909,-0.4847619081277034,-0.17050809859002897,-1.505567019178642,0.015618333949603047,0.9022771737866472,6.801440732856791,0
155,69487,-0.885792438905004,-0.026273769147632242,1.398797780321762,-1.5734558440334303,2.798734981355239,29.54390420200468,1
156,152540,0.18323408420475334,-0.4355578414044034,1.6388513518533312,-0.3212427661179117,1.8325570434792018,17.64137583655399,0
157,47655,1.4210306673244715,0.2002070649181971,-0.10930032113861442,-0.32789471651291785,0.15519068385897913,27.605819799886387,0
158,165413,-0.3947559581633324,-0.5793003689815212,0.5220792231672895,0.08114672081336904,0.9013256887344072,8.304933966179014,1
159,51786,1.2382838059759977,-0.3160447282173739,-0.00387922305901664,-0.4622752887050425,-0.4344962274323156,21.514845515295896,0
160,68304,1.2339027236823374,-2.19040773567449,2.025975100714617,-0.8910758603530273,0.722404005241261,164.99256699278814,1
161,103606,1.3915773961940896,-0.4937590106940739,2.5473056993918064,-0.23189679487135395,-0.14965549890994112,196.26483215327738,1
162,120938,1.2929792465294097,-1.4684961133603158,0.3412347420646251,0.5508523306990054,0.24632085936258108,37.412022163229956,1
163,165051,-0.3431182279428704,-0.8357052346294309,3.296223142152799,-0.30701354148554083,0.8424822469945369,22.272612233016787,1
164,80981,2.2753434019568974,-0.7893315347968892,1.3095342302627944,-1.8916251721591026,1.1338480257895984,126.72047740405462,1
165,55107,1.190817646614861,-1.5177574472222197,1.3178023397487262,-0.32441156407141764,-0.8468956913455549,385.0060842950074,1
166,132232,2.1411818664199695,-0.808102264126964,3.0483426447898134,0.22510915258177344,0.24610161167442357,49.56952997714014,1
167,87897,1.1004095252276822,0.9542913298135742,1.0889133714746428,0.7083038472010638,0.3514482075415829,68.82560951183291,0
168,72577,0.4386447301910593,-1.8782632528234666,1.199886954409213,-0.3192554202320161,2.3967104074459815,340.2294359742295,1
169,141918,1.2653974845911706,1.4361307218062178,-0.011342409038562568,0.1973157074055956,-0.6176518954343502,107.22516041257494,0
170,104180,1.1250982646676346,-0.6671302157109003,-0.7581164890752566,-0.30372602877666466,-1.345870923473215,27.22367276667982,0
171,19924,3.4099185560053606,0.8067230591361827,-0.28319661872038787,0.5345056484805503,0.8876554258738361,131.56026317044856,0
172,111193,4.226237706436327,-1.8841129394985885,1.6246966497611084,-0.28744751940035557,0.2873289044030093,90.70544789312878,0
173,144954,-0.32556270150952943,0.595803533437409,0.3940301862827388,0.2606737658239071,-0.5503051538454201,5.88911602780178,0
174,1095,2.0336032048373482,-1.601126552668847,2.2659165202552227,-2.4667634067891977,-0.5947561464496441,11.049672951810845,1
175,104205,1.1691545924968965,-0.2555395260238707,-0.9892408282283243,0.9553005582377528,0.8760467925297942,18.505803844007147,0
176,172055,0.7215866106144557,1.0389405004696122,-0.7172531865469232,-0.5583017539460305,-1.100154232971695,47.53853046418905,0
177,14123,0.34360244637245374,1.895051040430753,-0.7226493617344519,0.1946074552372427,-0.7424705856980482,8.436495781625629,0
178,45278,-0.4519693317388191,-0.11905393566661815,-0.896025856803489,1.0760071385985983,0.02131164867194222,66.49791861080901,0
179,97911,2.7983218076410328,-0.26645218649413416,1.108783654898148,-1.0376833169609843,0.9766090704516597,67.8042566486864,1
180,51999,0.7956380073099771,-1.6862791357550844,-0.33267128973965265,-0.6541635297846161,1.4852994365163381,33.069051768405096,1
181,31153,-1.6122549754197768,0.1313659539145314,-1.4683150388328106,1.987275999230808,0.9113627221747217,130.4267373552914,0
182,18344,-0.8362205028559366,-0.9525065317483571,0.8509281553469594,-2.4728939013115743,1.3042128652773322,21.205359138908424,1
183,37656,-0.4584953347000695,-0.030400714205767315,-1.0242331442683044,0.8901984111247868,1.0352493347237526,39.05644100385715,0
184,1212,1.7964411375817526,-1.634285847689403,0.8640300127890285,-0.05581428968496549,1.3215460835365613,66.05078328873608,1
185,120385,0.12667196777710443,-1.4288479256060733,1.5158368362860606,-0.1997870342557223,1.857932055215684,278.23568847265045,1
186,140073,1.240771187988216,-0.7824873935383097,-0.32463314999702464,0.5500520990245519,-0.9683444548636353,24.782670417198776,0
187,78784,-0.7858251288851854,0.8793732829565033,-1.2487940351586562,0.6663125009092119,0.4625912928539512,13.433123661343071,0
188,98723,0.9687416555925126,-0.8917008761393144,-0.48709970247440104,0.6955377575657775,0.849102110743144,23.07850293349368,0
189,81144,1.2870164803923865,-2.036143571975197,1.9567374214704585,-0.40195178349073757,1.2945799854842193,62.864568091707845,1
190,167499,0.914905742957986,-0.8613548162899155,0.013873700818590295,-1.6682609615983324,0.9978132930933075,8.517292840299318,1
191,31368,1.5383574419359596,-1.9925780067288228,1.1204171672129182,-2.265673857342095,-0.8690503037393987,37.05117568367137,1
192,61160,1.323479809164594,-1.1242857771624364,0.8886157701820311,-0.05338863539784289,1.2255778167870701,125.80729435443342,1
193,156926,3.293197932209945,-2.5118834195632136,2.259381043300522,0.1731015610150719,0.12090726062329948,15.840554019884252,1
194,10715,2.3060928881591227,2.261503576636398,1.1083662305931423,1.0240625258114624,0.5925269492011831,11.838142479283498,0
195,58784,0.0186724428817866,0.26699071722487194,0.4159392177040995,-1.5625458568865427,-0.5290526773462948,59.51641317399066,0
196,129193,-0.40957985474917263,-1.0585049106753346,-0.31701705042437045,-0.3084827884558197,2.4267164863455224,36.90201175037429,0
197,99644,-0.8114579569370319,0.44650477843200487,0.39822174849678516,1.1401490385212665,1.5805406865683735,35.453575291375856,0
198,26797,0.27248509494936374,1.972251596669744,1.5612592145478699,-0.45709625658627184,-0.6022120603617805,52.643507554711235,0
199,47573,0.567119725115208,-0.8106716927076258,1.397244273380124,-1.9892324650771291,1.953985771182876,16.289538054196328,1
200,76120,1.120482181197364,0.7072740311072978,0.9666746895891539,1.1692955904456728,1.3821589910375272,35.96638308090348,0
201,14780,0.02727643025232951,-2.4968866429415715,-0.1542948665178122,-0.23093453020867796,0.6962063648134184,25.469346351266225,0
202,37905,1.2728740980155153,-0.9268030089983055,0.9497570112017402,0.3917074971070649,0.816282040150788,85.35956413666611,1
203,152645,1.714062552424776,-1.4611697320346189,1.8565646749131401,-2.1944950688592617,1.9538915522958833,8.33105389424196,1
204,116049,0.6494480682915122,-0.6836416784638553,0.21475131387577762,-0.6189372572289177,2.2032780373160636,66.97966270543807,1
205,129651,1.4186593067572977,-1.446320515234345,0.8993607011745682,-0.43248958945939786,1.940430892644839,13.93182574075961,1
206,33359,2.562562852712452,0.6406145634882874,4.2520567345120845,-1.923494033239598,1.142882013150275,154.73665377401662,1
207,66062,-1.6754665663538713,-0.7393353938187543,-0.24408755572161547,-1.2096947428411076,0.5999287299962045,48.01448970663376,0
208,73391,0.64682275465273,-1.2539517063972352,0.34613788630903863,-0.41734644852250846,2.024932545303241,14.98987019815313,1
209,43463,0.4057537912714804,1.4637066776546686,-0.9463159774657358,0.543479378670093,0.1998104337187135,53.78631352277116,0
210,99596,-0.1805987058996512,-1.436155441507485,0.842379514489006,-0.8696334533001082,1.5891644570743355,164.65911107649418,1
211,95018,1.753384477117701,1.7795721457307123,-0.6228600271532683,-0.42018681709585726,-0.2817846088605072,112.23737248332388,0
212,16571,0.3405916912038824,-0.5019916878067554,-0.7629009175509481,-1.4026052717996935,1.7495767431869393,107.38585600553506,0
213,150214,1.1024746162543766,-0.6721889264258767,2.052478156952805,-1.6108939362002497,1.2668140432854422,158.21280399648023,1
214,25104,1.2502276991656804,-0.5204924519983913,1.8289411945704503,-1.4923507742337943,0.24096072511135502,30.287295925573577,1
215,8625,1.0987192812984672,-1.598437580581047,0.13341210901468492,-0.8681234251679532,1.263970630852738,10.683753088041843,1
216,39199,-0.3163614080394775,-0.17519638032393697,-0.4177150967562341,1.2816437950037687,0.5576910607251245,14.768123873060022,0
217,120725,1.1801263646316884,-1.1072647658109418,2.320282896417717,-1.8766791274710135,0.13748076085340177,17.21252526301551,1
218,146998,0.5383689827347851,1.1751976297824298,0.40109416993984526,0.1895816165987434,1.0010460925671412,47.67864195503888,0
219,31218,3.700900497934281,-2.0556394897985966,0.7463142404329941,-2.0324312391640005,1.8524619705361696,61.940726505762036,1
220,91916,0.15980628018410203,0.9451950742769331,-0.7210860692944963,-1.3976676832548571,1.270211889941741,134.34331670160148,1
221,123182,0.48384954475369485,2.000511181510854,1.1389463529394372,0.20965941527462578,-0.49163618563204736,36.803562405168364,0
222,20566,1.8523061516102304,-2.6313351104170732,1.580260501405925,-1.8551076754804494,1.7227827808340024,15.173408105391326,1
223,33205,0.2199376981593858,-2.617800613815337,1.4807780713650518,-1.6174081344143398,1.221291470757388,15.110890881874486,1
224,109084,-0.4257438131534656,0.38676676447707836,-0.8553829323533225,-0.6115178029919482,-1.4066610968482223,6.775165944869944,0
225,29717,3.1598372547446747,-0.5493869505686118,1.1827729037854258,-0.7632171668257652,-1.4843067887857457,90.52166749066352,1
226,107292,0.5704568257798388,0.14976189055086306,-0.3389480468664098,-0.9075636620415979,-0.5767713305683327,59.31840828903455,0
227,156207,2.1955815140020296,0.7031726099180378,-0.5380290574360167,-2.5863754653546867,0.2779651944456186,111.5652688664126,1
228,159236,0.17245087962246577,1.7111549302473474,-1.551175690051559,-0.01208894784605456,-1.252393444413119,43.80801576791116,0
229,38562,0.45405787352439864,-1.661541442515292,1.8534194635024308,-1.414538783691095,0.04365148171879607,84.43444120392198,1
230,20169,0.08045387161683126,-1.393529855969729,1.2786947168104756,0.4292147842970504,1.5030946849488336,38.76240366428578,1
231,21604,-0.058340152021222225,-0.44754180563515916,0.6441919714999368,-0.181224173218103,-0.649373038321426,21.672962695104403,0
232,89670,2.17571337766925,-0.9992444925454045,1.785857818608419,-2.9537305737914616,1.346981717009852,91.0582649096836,1
233,114605,1.0505791675217655,-0.21619440488525393,-1.2300693390403579,-0.4500128579958137,1.2571492168625729,14.013394237079597,0
234,88738,2.391899334413573,-0.04998417133035438,1.3430047220543997,-2.332700559889931,0.7037193486120632,336.31960814345064,1
235,131756,0.40643022769189685,-0.05497721742085526,1.4039929885826885,-2.650969808393012,1.0915068519224618,12.78228418167872,0
236,128140,0.3592184340144883,0.2139292919129462,-0.12412508711000328,0.19808476076785494,-0.14436041192394247,175.39671761615438,0
237,102537,0.004598589860970559,0.36846097626961427,1.2175975356079596,-1.0065425652796411,1.1398785611290454,40.23803653035579,0
238,111301,1.8841632086089546,-1.814756002823548,1.2761504518876923,-2.049820339589364,0.6347624595297978,151.9468280498929,1
239,8007,0.16154401601622617,-1.0242982362893658,-0.3090232572860253,-0.8505204542093001,-0.5805234498047227,40.15248653936923,0
240,114915,-0.7150941918278686,-0.6108575112103383,-1.3575778589146164,-0.23401985910698136,0.4663583744463345,18.003288931810467,0
241,117419,1.055391225825756,0.7009171876243807,-1.077555244798551,0.09933230542922587,0.751387123371789,130.4156777966005,0
242,41787,1.521033695525353,0.7820977034686158,-0.3264840988498319,-0.9594392367234797,-0.372206776071053,9.584024223260199,0
243,49582,0.9025177991261498,0.31198373857394657,1.420785725932684,-0.605948056394126,-0.370061088712032,30.45958349850298,1
244,83629,1.1510349691415498,-0.28858942053450487,4.212910201043841,0.008036189402071403,0.051934401969491395,170.2579333811378,1
245,5782,1.1071225966373104,-0.7735461997044686,0.37635776935621923,0.5054701591666269,1.0602099074988798,104.57436093171681,0
246,66770,1.1836599374866723,0.8523228784134196,-1.6763921569842495,1.4765403497258958,1.3800913541474515,30.969370752523318,0
247,57645,-0.6077561801469205,1.7192839236417687,0.41079208852759475,1.0305805856240573,-0.6578345538521371,11.416587464509137,0
248,103509,2.1467073257360334,0.7839281853259639,-0.45929209078705957,0.5906548306923093,1.1087035805829077,25.3022515180138,0
249,163068,1.373631749859772,-0.8265152994110603,0.03296967414687599,-0.7001208149391732,1.1950466289248425,15.996272996648834,0
250,29204,-0.9295495944524168,0.6966992232365217,-0.5653104567800533,-0.10594835430413566,2.6443433470170348,28.887050481281726,0
251,17152,-0.00777823495300084,0.419150327663939,0.14938368371075525,1.5774532797634744,-0.0952955323869521,125.2240634486931,0
252,90555,2.0581390709340157,-1.1231364353522677,1.702580267978341,-1.2456503030299946,2.9538186900865955,44.10367977799206,1
253,19689,2.240061819902576,-1.7397711639729674,-0.2346106069102325,-1.1856726309778483,1.3345026460913059,40.93400460592121,1
254,83251,2.7154448083522476,-0.6182658310374907,0.7266315749969157,-1.3001978170959958,0.7301476423222694,392.5022135364247,1
255,106565,0.2861622539057627,-0.48972777406417384,-0.593122822399772,1.4436320034688142,-1.2565068942792563,29.871777528310165,0
256,153014,-0.21321356647158524,-0.028599915340018572,-1.0943493746085122,-2.5623336587953105,-0.19102776260016902,217.70665734088473,0
257,38712,2.346440870400728,-1.9733788380270347,2.1071333364731597,-0.46385503697377123,0.6725237400465922,94.79728787241099,1
258,49632,3.100268424310965,0.023056555252239264,2.7435415091205293,-0.40887212306727383,2.067509822986446,126.5622753300806,1
259,169103,1.8595314695891383,0.7665118003276337,2.1386060692088167,-0.7068416623002577,0.38901082980427293,83.5832932514481,1
260,20478,-1.504882100664519,-1.4275424378831627,-0.05191505333861801,0.25972250172148187,-0.9043166251044086,26.823456271813292,0
261,22551,3.3549286773831417,-1.3152966552861245,0.15897729933362104,-0.5539163846835913,0.09771997286045653,7.200799970677512,1
262,48068,2.0041055162554913,1.4468917155347194,-0.16200400936603176,0.9514492770580866,-0.36650702036805183,27.143221872427063,0
263,93608,-0.8583646891925427,1.7033983017671506,0.7773622905756714,-0.22096417382966393,0.02688583899453078,41.885920531676796,0
264,35561,1.008214423256557,0.43321613126350167,0.8531366339132451,0.2871241652018242,-0.6124373746404379,143.90741962421197,0
265,133964,0.7620608932518964,0.9833905092825954,-0.3515388860444957,-0.5975101946916416,1.4223698616985077,25.539013520397322,0
266,24395,0.14616450463565434,-0.5721856048470968,-0.6019022300183354,-1.3613379964422059,0.570510699782014,81.49008745301248,1
267,18756,-0.8993562644190256,-0.316776985211192,0.9851977512409364,-0.23322827381582045,0.24262744600527564,17.229955871686716,1
268,165723,-0.4217375533372533,0.37682087213939797,-0.6466800845872653,-0.2716551103260533,1.673452090298537,15.55295016787712,0
269,66333,0.9828689250537974,-0.4734633163276929,0.6225892938071996,-1.4498268854974365,0.9841682301856962,52.584918338110185,1
270,152418,1.640461051790348,-1.0995812369275977,0.7297324178791745,0.8113965544915921,-1.1482632887526183,19.308523279032336,0
271,113561,1.505994516546816,0.9774073527645113,0.36667098196608106,1.52100622715938,-0.9489165208248372,32.878686556612394,0
272,28024,0.22839874058593604,0.16277776349015843,0.6276295436369799,0.05194588580729943,0.7326400772155792,92.62328177099023,0
273,171890,1.903142542220004,-0.4667926821006875,1.2654036602997043,-2.1820175686924377,0.4163828604445633,89.248931867787,1
274,5947,-2.4032322929992374,0.8778753195309077,-0.7540756831274238,-1.830632896856457,0.5112025995249807,10.646215118953053,0
275,127192,1.93463754545933,-1.9858038086678267,0.8158449020712029,0.39476286187693765,1.7946471875738723,173.1054132805791,1
276,94238,-0.4968952554704768,0.7770721271805401,-0.3030453860429927,0.37114587337130883,-0.6039851867158206,53.963292086046984,0
277,67428,1.0223813578277714,-0.17283315209176697,1.626963851233405,-0.39963618561460235,0.22468472575188592,14.947264513649422,0
278,160826,0.6208758903642535,-1.4808337895119794,1.796167997159289,-1.3176925728692148,0.8119087559709267,159.27154249210636,1
279,63355,0.34643654815614877,-1.1598561409799193,0.6462535660272207,0.6454841811410754,2.16325472330546,45.668158949873764,0
280,129958,1.4113965674706588,0.06265729078752647,0.7243663342344645,0.5511140899867151,2.192745289518207,131.16494397611154,1
281,144490,1.5883120054234496,0.24950490070615872,-0.23277739747964965,-1.1494393272169559,0.1274312512437593,184.7439458352969,1
282,135905,2.835797806135815,-1.2210424635370505,1.1693698026580694,-0.6074030812686949,3.2921096352739925,21.210431659297615,1
283,131637,2.2389289990582846,-0.8003313246055748,-0.7777449705248515,0.513907849658915,0.17958178193959795,71.32094202372217,0
284,171252,-1.4730324682068814,1.4619215007139916,-1.0057323008626189,-0.6537663386488198,-0.5956612940434921,27.45888993377644,0
285,18402,0.6673655068161781,1.1135846262332494,-0.9031789506803448,1.4926885689595217,-0.2711236010425688,92.0202881551198,0
286,75851,2.393112945851028,0.021515392781863873,2.0189148546583295,-1.259656772272997,-0.17984244778148695,32.3156574560897,1
287,12834,0.8225141052657574,0.6183982208886838,1.3015985929464293,0.6504500925361392,-1.503080301759818,15.728779929934479,0
288,67850,0.0033925409302016374,0.441321934916781,-1.2510140836195072,0.38632331781156,-0.20447122098612153,12.765009951680806,0
289,37180,-0.10364846324199672,-0.755122579349353,0.3235990655934611,2.062524919243145,-1.0675329142542729,12.553878979625168,0
290,134955,1.1547456980356634,-2.233101305014855,2.4909723580014007,-2.1559703448599636,0.7042147290314187,33.864064821764565,1
291,109688,1.055121438052113,-0.9569591291496123,2.122841471550764,-0.9904461859292168,0.3259174229127304,48.837144096837,1
292,106520,0.0020335707827383587,-0.112920223553713,1.3867741123825863,-0.9472052786855973,1.4648423586001225,291.8946726833339,1
293,11695,-0.17246554788410084,-0.6770254963823319,1.0389960281446164,-0.2997595305634302,0.36639969356083313,23.09497333309488,1
294,127135,0.021116605849243464,1.0451579711843215,-0.14889718347410555,-1.405189846803575,-0.05240445057746945,29.931299990301717,0
295,154195,-0.020667625557191704,1.9952113559123221,0.13007075919140207,0.49774308909139425,0.6659242520544614,30.0275671998882,0
296,58481,0.5956244887470951,-1.3166425494207912,1.3769344261182743,-1.167779551267935,0.2167755637626291,20.543589938517773,0
297,73438,1.2201064668690984,-0.8203777273680766,2.4451476204524147,-0.4402610248732116,0.4013661042115486,132.82561763009969,1
298,111491,2.10930634973311,-0.018045895392373834,-0.9476339286190848,-0.6520888885930607,-1.0896330373423884,85.84832171939983,0
299,148645,0.347398671316414,-0.6604133652839523,-0.4845555442298254,1.0062928092144405,-0.5768918695231487,66.0684454041278,0
300,121844,0.44171691363990473,2.5193295399816944,0.29331783939437184,0.1920491164900316,-0.3091164642025014,17.410678480853456,0
301,94910,1.5076126681891964,-1.5245670137670508,2.4522026788671445,-0.37593313848154886,0.9394470482407395,63.87786884681962,1
302,56494,0.6868085206892026,1.290980425185967,1.912270445700765,1.0237095461069814,0.24930859564172886,46.78950398966477,0
303,143360,-0.23533508701622313,0.5584536182096203,-0.8309562757154733,0.7579218499236196,0.6855077387902041,7.80058173065849,0
304,46978,0.9515219913395057,-0.9376856704248167,-0.301491533947518,-0.006521315229458062,0.5987943895619102,26.467889105109354,0
305,117845,0.3779239881720725,-2.219284466522194,0.5305502255078897,-0.9240213873899971,-0.16422000681734883,59.12169001287264,1
306,130621,1.566746407892257,-1.3838747413307828,1.302280407621219,-0.8178949770083501,-0.07640004866379735,36.10330218305939,1
307,54672,1.287334516589102,0.12404897635747725,-0.419847523254844,0.15175799224874037,-0.835142901630023,79.64726994107988,0
308,61821,1.5017000089017354,-0.8244637704214021,-0.7437935834807456,-1.690317848019872,0.8359222358512834,118.52874370047589,1
309,83661,3.6974151264198536,-0.9539936132636591,0.4588857397753553,2.0243305910030465,-0.4189684983025107,529.76564019824,1
310,69224,0.8024422345082786,0.23765375751199813,1.4797676360408962,-1.7680457585102454,0.5896922946150964,55.61214600817082,1
311,89405,0.8028046838540124,-2.1022697404558555,1.447561613803552,-0.7133023005856034,1.2556689485632293,23.014329401945727,1
312,54796,1.6080528468367556,-0.4492024277263368,1.544773807831595,-1.6256536828021422,1.0493634822711888,4.534308750982589,1
313,128554,0.8779718455079415,0.32543210909507847,-0.30681500949753815,-0.2140957988353509,0.16322986405237805,62.82542635818215,1
314,123777,0.562412457924036,-0.7833168810357138,0.7966499325228659,-1.0188662517356257,1.6662429750405097,125.2349799058626,1
315,4023,0.7148655003619104,0.6632885301181062,-0.05648533135653393,0.5581395145185063,-2.529560077694303,20.853457761958406,0
316,167807,1.120344012612456,0.166387435296287,0.35474091214113435,-0.5164296438875717,-0.19646658342809717,52.12485320823648,0
317,72959,0.32421945667275803,1.6122205554154292,-0.17964139124571515,0.4523717962497339,-1.0623935281468797,17.395762840741963,0
318,39218,0.7367385517335094,0.6042947549616977,1.135782191822154,-1.0710536796490489,0.6802161054504494,71.6572016603383,0
319,143285,2.013980860197741,-0.8713825495950335,0.8743436192877485,0.5890243629627616,1.5373246830230727,119.0268388105696,1
320,28460,0.27863270565156384,-0.5472116791478234,-2.5242402602729417,0.8840453963610497,0.7368438970924334,78.14777512277136,0
321,124579,0.9487098875896427,0.03288191968314566,0.046713686433322826,1.2065089665083568,-0.8169356709872361,5.5355336589415325,0
322,64680,-0.0791277409874871,-0.0035803601023617626,-0.6816809139486437,-1.0147567306928669,-0.6492775450660071,52.97114911709412,0
323,31017,-1.307559864368974,-0.5627247785662142,-0.8691423497872982,-0.9399031011088647,0.8294748419317485,64.88161130207722,0
324,92038,1.8188862980231537,0.6383597322709409,1.4813096122647846,-0.4883471439952217,-0.6189108250900678,58.714136514923915,1
325,162062,0.7258218248960351,-1.771771957392875,2.709520665775973,-0.5725041242679463,1.535967750711738,62.44564493109064,1
326,19515,2.6974316831796266,0.8577023435377324,0.9965687757097161,-2.0390527025266425,2.995843501809159,88.76889343002887,1
327,161063,-0.9504077339697174,0.8045153263553668,0.7823330623234092,-0.45209033283308037,-0.4700421477595015,41.283789381713504,0
328,138706,0.5522403964266773,0.08377095687804184,0.11471318317052634,1.5781180575621845,0.9854496856152184,9.207069946363823,0
329,160449,0.8995340512792962,-2.0056013756894657,1.460164183945767,-1.3376457577798164,1.555403829850237,16.809750965108734,1
330,33001,2.7397524063392726,1.5842728185105182,0.4639091200523596,0.594754341665286,0.8534155587803077,50.71558133637882,0
331,1391,0.2871890807034869,-1.4174303819894323,1.4440539215634667,-0.45165826075387316,0.002169933574370675,196.14728150887197,1
332,109388,-0.5192578597214978,-0.276220873544659,0.7743891807127276,0.26256132900192497,0.19358991136754436,89.02339201155473,0
333,42215,1.2678385139169377,-3.0199273321561364,2.5419450058018898,-1.3123742406766936,0.955863939844497,214.97809602769846,1
334,79720,-1.4307301368290635,-0.6116242707698316,1.0051757687191278,-1.314782674914742,1.1435302041863447,36.18001358453142,1
335,27114,1.2261775475316414,2.1094166404701307,-1.4985675738191413,0.5629692366905709,-0.6506425691218269,51.78200720706708,0
336,142954,0.3005279588565973,0.8012067489291148,-1.543854816133542,-2.296180953137238,-0.5505368494915835,61.17616630250477,0
337,113142,1.3680153405325284,-0.05478846538851645,1.6008315910042117,-1.6784738013420601,1.6424589135926202,25.21251642465938,1
338,148345,1.0779428678787226,-1.4578483861824894,0.9406377678540936,-1.170582762400783,-0.4480471119401671,39.0071616498557,1
339,106206,1.1537387827336574,-0.8858985077734801,1.1618833528871353,-1.7275533308117281,0.7097591555867844,232.97416050114325,1
340,45647,0.8399607312430173,-1.728077097855321,1.4733485597113982,-0.48762178953342833,2.0927351654164146,85.92791203200444,1
341,42679,-0.19973017615163063,-0.3262478565174211,1.2883377782084477,-0.38502181171286365,0.38298898474092846,43.82152517821769,0
342,427,0.47521141890851204,3.18525900260341,0.2674816654743044,-0.3135296861723979,0.9218015019772522,22.085937100127644,0
343,129669,0.28469015082700444,0.7792914996010885,0.019580368414153254,-0.9730689408815555,1.1965715016644913,30.895435715701193,0
344,66267,-0.8463453930186879,0.5026354652390332,-0.8542758500193579,-0.06413834659299254,0.3287624103034804,237.79526282679763,0
345,799,1.3729780477660118,2.563872494619361,-0.8859860326349823,-1.3810446031537749,0.30381859560487573,95.7265901285402,0
346,55659,-1.576552706041874,0.8197114459661363,-0.7353623888256293,-1.1896666590903613,-0.6243453897132241,211.5948015617375,0
347,7025,1.5220823107669854,-1.011092003948602,0.28698562773987024,0.023279915677705265,1.1257615231117544,40.913140870570246,1
348,14481,-0.31896978081331473,-0.49541818552260974,1.7265383633369424,-2.0395622860802396,-0.6028706086823893,49.459531945785464,1
349,25411,0.05876394214367012,0.5520553965142968,-1.3515394241904441,1.4437646040732595,-0.0821511783925688,36.13889808106367,0
350,105928,1.7239605120767347,-1.3998999901093165,0.3548322296826496,-0.904967707563624,1.5127907415832897,73.16487690712194,1
351,123014,-0.45679508856946077,-1.2218106667418438,1.4013336519554866,-0.32267983884213575,-0.25083301645504735,15.310795980789747,0
352,146033,-0.8057046684859357,-0.014921030288735315,-0.4080342841857413,0.7796605322693398,1.3103087461196083,13.689679312172409,0
353,152839,2.8367399618306397,-1.1833007095261974,1.080205655479292,-1.282313570936303,1.9989833574419649,13.65372062296972,1
354,51690,0.7924512640081491,0.4891686439078181,2.355300139910894,-0.637739984251316,-0.5309969550018176,18.530021875754876,0
355,52870,1.6744380931708174,-1.9356742139786955,3.0377485336599936,1.0560568090660518,0.22323891412915967,21.24877313344614,0
356,167207,1.3098170893426342,-0.48815034517772377,2.1524358053443087,0.9817654869915943,-0.32483138350862245,35.223260616266614,0
357,86928,-0.37517827497438155,0.055481329284482184,-0.8924199209999613,-0.3079615296390403,-1.8936146669537857,15.703827778253956,0
358,70765,1.004506539824723,0.9890566873755189,-0.01617337207063907,1.4104591452035038,0.4097627959594974,59.19507551884093,0
359,23772,0.7384757388097273,0.21961665769398991,0.5728612359668199,0.591814133741378,-0.3540407109410238,93.90651688010868,0
360,130417,-0.8875984190295128,0.5098207102270276,0.5337768809320985,0.41379909745149823,-0.1852876588777083,41.84174455796916,0
361,18799,0.9683404887180809,-0.5341737987784958,-0.018004443586439586,0.4572804046152411,1.4558223221467665,79.39328999944603,0
362,112051,0.6438812532392194,-1.13006029355362,2.769069525826331,-1.7425580057918764,2.5147787907098516,181.3686424224352,1
363,129941,0.019324923133225924,-1.4929568141953855,-0.1983396267947499,-0.9885911071509175,-1.103589317215771,133.6121185255964,0
364,23555,2.05547569831549,1.7730197252148563,-0.5658055691181628,-0.15083771156669531,-0.0739475656083926,31.299083390043155,0
365,92152,0.3566499248971072,0.7296927543567309,-0.17049877805909122,0.4865016438262019,0.06447441481012024,78.80989155391549,0
366,127219,-0.03578469929012823,1.869021525289393,-0.35959135136360476,-1.5031429531181062,-0.24574306408594432,19.28688206508891,0
367,150405,-0.48466757722638687,-0.8090834758562893,1.0636693919576583,-0.6530647016133122,0.3778684299800076,112.29567662319675,1
368,135333,0.8885784044206095,1.8699045043514062,0.29467152982298106,-1.1958830620351844,0.4446026682201407,10.792323551748591,0
369,119833,2.0495839042054205,1.5814540786904865,-1.3922626951056187,0.6897078052451944,-0.5029747705513431,77.89653364325329,0
370,69002,2.452540731029231,-1.7790194215199855,1.37242139665361,-0.38253491017870506,2.091085854773477,83.79025336039912,1
371,46553,-1.1848979684499035,-2.3539211349019546,0.8343199112392737,-1.366878698415421,-0.22476540189268354,16.8043444648805,0
372,3088,2.344293068559939,-2.387868550455802,1.8638603516334227,-0.8531068016969107,0.3490181964617505,27.743591082625482,1
373,45783,0.42522450264790723,-0.22940554112525297,0.02229750303228377,0.5432980290363879,0.04886007032570433,40.638420673866825,0
374,1115,0.14147042697302997,0.17269546049006815,-1.0332679590731961,-0.4432822511915103,-0.8848027140269009,45.016846092854564,0
375,72908,0.938592458777374,-1.46152006226896,-0.1660797986473166,-1.2110161997624567,-0.6518361078021592,137.17967102704418,0
376,69109,-1.9704257358780557,-0.7893991607023583,0.6115239198896404,0.792669998282884,0.9193440708117543,118.14588268646612,1
377,2978,0.4412571400874632,-1.9305664798072006,0.6682072166317373,0.21539650545628794,0.5082686396745896,529.0022724573795,0
378,108943,-0.08770155993598416,0.485865390724905,0.234456789987025,0.6585442726728304,2.0102045387663496,135.39267908667352,0
379,9422,0.2272354832399991,-0.5933779657773259,0.9273708657091654,-0.1613228601196991,0.8364264608138785,27.800832914734624,1
380,89233,0.9951233361352827,-0.9686041344672236,2.7075783063995105,-0.8205605573505073,1.1891836731187253,19.791261597292763,1
381,56174,0.8866938014752748,-0.2749036566225244,0.7712972974572442,-1.3459796802467485,0.12637957954641182,18.25414507631817,0
382,37743,0.17017930026657382,0.2438114719791096,-0.24700200162848862,0.9638791167949097,2.2105230015913513,66.92955073301468,0
383,130288,0.8812516847538668,-2.0298118485418453,0.9766559359538897,-0.49095255696734613,0.24431228053855636,195.77487185574796,1
384,129000,0.061067900830305666,-0.16682441181468755,-0.49175814904382187,-0.9224101844985025,1.6153756894694418,228.04652847488407,0
385,122778,0.11710355889515983,1.5748764191481848,-0.7459641791245353,-0.7991920066502536,-0.4827435221820324,265.9192549833702,0
386,29430,-1.3535495960558983,-1.1683849224728524,0.773987504183151,-0.40963380560462437,0.7460947730253125,82.94732401407836,1
387,28834,2.3806409124521446,-1.627313445951303,1.1452227089999827,-0.7488020981189147,0.39821580718846805,8.102660318372507,1
388,24435,-2.1994057148735733,2.490942572590742,-1.4895724667635961,-1.6453987469568918,1.0225704320096403,12.72955757752086,0
389,87212,1.3365973955887522,-0.9746147220277283,0.3834265115758949,0.009594435971885806,1.4308943142159494,39.369156602633424,1
390,55797,4.276860370180503,0.3601159001803129,-0.1445425000847227,-0.5671319125731018,0.29199385706267644,21.83962323179093,1
391,54555,-1.6663565893760017,2.2562071299403224,-1.2032083657216832,-0.221253623585772,-0.27681329988892067,62.96634924264758,0
392,85350,0.9060099513456397,-1.0804293524962831,1.6547941819843646,-2.081929407883722,1.6964563682900382,38.637814727394016,0
393,14716,0.005477060233964881,-0.7141967132052671,0.25484604157384116,-0.2466110169255733,0.8660747740720911,111.35374533782537,1
394,60261,1.9839276914578687,-0.25888426286894,0.9786808334312956,-0.03850846950070721,-0.17262729994081963,41.75400403175473,0
395,158600,1.579153118726124,0.23022217565078762,0.5030257132789262,-3.1903043674694382,0.4877792549755299,7.759346649211958,1
396,1995,0.47770100093325385,-1.1353443587101013,0.28019785100596317,0.6105857452838231,0.5597904479310398,15.560011053040272,0
397,22414,0.7826878872092127,0.6200944904518413,0.506850593215671,2.0565435648295414,-1.1308884353259157,58.007072287995314,0
398,144916,-0.5184286659420014,1.732367724678116,0.3998641237403714,-1.3993061748019415,0.3676492929914216,5.151573025920728,0
399,167731,0.8943893858461966,-0.2690410236237839,0.4493401726316164,-2.8903028988531565,0.7297417532040945,26.78331814278278,1
400,15522,0.6308518013274661,-1.7971135662249806,1.140924748728923,-0.3650589616321014,0.5060133187568796,52.0347358491248,1
401,129632,-0.49047445544531193,0.6714683571359957,1.7820244964750336,1.3454200461549777,1.593186626639397,20.2885268795575,0
402,74034,0.00016180372511942487,2.104136589573007,1.5259589153620632,2.218780233448134,-0.1590452104000513,65.48079797947794,0
403,42322,0.8849132688058914,-1.5717460419560614,1.4326075103241975,0.13312807234106927,0.6772792992233929,44.406627232988214,1
404,67638,1.5641402960546613,-0.992821533092058,-0.9864776583710846,-0.6395103760265199,3.112531039397242,28.268598293959062,1
405,101334,0.10137957482218773,0.42050428727106315,0.986519354117859,-0.5784415263757894,2.134751914044795,155.8208775049592,1
406,139596,1.5231854824582058,0.2838168598535613,2.394985584816956,-0.255779647659653,1.7458028725629282,11.763008710379287,1
407,30846,0.45950989366784145,-0.13517556150898868,1.2514030479517326,-0.5015481860185602,0.11740140258141096,70.28573386447945,1
408,73643,-1.2981243518837475,0.6621726660819429,1.9243096232868524,-1.3631740045928105,0.18970616761039566,48.02099489130499,0
409,114930,2.9323820648373906,0.6933179008808892,0.0848361236948739,-0.8583577801812136,0.7003098794089914,23.416149821567156,0
410,24399,2.7944423917491967,-0.32105301223776705,0.28759765106258006,-0.8490293408380368,0.7396399189551692,11.61963118284527,1
411,123182,3.3247714030169613,0.3313390619884031,3.0203675021442615,-2.022895019555564,0.9712537499108925,11.949075657191576,1
412,48591,1.0117975612271788,-1.1035868534057807,0.8861248324453612,0.17031620178828133,1.3187599601274966,29.744539436385526,1
413,151786,2.1282456913443246,-1.4965317354819692,-0.053492425984783765,-0.5321563621336667,0.07646502937415056,56.262682321460204,1
414,35877,0.16874303290769527,0.2768518829587682,-0.32485598180807856,-0.6500025808234597,0.16865467196672768,26.382176873948055,0
415,84106,3.5246733058528177,-1.017006074483831,1.605021088273767,-0.7154815241846728,0.18641533009282418,20.444142673381076,1
416,78018,2.593181257934906,-0.1606508857683978,1.9728243510056347,-1.766156723370417,0.8206115755942971,178.30466118324063,1
417,99854,0.5316548051531983,-1.0610756713523761,0.04155936635834734,-3.2980610174929392,1.100459631413729,18.10757160411883,1
418,164486,1.4730107174943856,-3.0746400375463683,1.0080432173957343,-0.7839747177048396,1.6946003829452114,267.6925119078069,1
419,120832,2.2683793336940163,-0.39587911041148205,3.403638752104789,-2.2794442231397243,2.159233239786799,34.77299714918034,1
420,86576,-0.2309708978119645,-0.13513778117145175,0.24233783448962146,1.5541604207147741,0.8539759765522237,14.212305762340572,0
421,92508,0.37156623721939247,-0.27765744676511667,0.3789798257463919,0.3336621052869483,1.0375399442578992,14.625671872034896,0
422,46835,0.9784634024162617,-2.176962112769968,2.9205439079418154,-1.3663945912147233,1.7316167861804037,324.34212783300853,1
423,42464,2.1486088332964113,0.02443605450078451,0.5686548047579066,0.09806753953894455,1.2958717818630143,39.77017550781931,0
424,112454,0.5856768559037056,-1.709788992233535,2.0788895585567793,-2.171743129263506,2.5087808557343734,68.3925648192795,1
425,153995,-1.0671378064602457,1.0481742126666682,-1.3325233147685092,0.5522999376795232,0.6256309336460009,63.167380097894856,0
426,116062,0.8752050161065663,0.7006657213812097,-0.05022631281903993,0.007063158628176452,-0.6603211394734471,33.49288943746707,0
427,67445,0.5790215257703393,0.8078965097165391,0.0866091231563581,-0.44643361455052827,0.19408999289830758,20.770979653979346,0
428,110454,-0.009172123468639382,0.42213377163371285,-0.5787486216634773,1.2557561255735208,-0.8946073022195039,28.019674412117222,0
429,121906,1.595798848709747,-0.7364491880452151,2.3840957939481173,-3.2263920705352085,-1.4869298701956728,87.66054384823363,1
430,98384,0.16569125852945218,1.010808273159782,0.693488720552213,-1.7485319732381808,1.3043402428781525,94.33453778565824,0
431,60032,-0.6193845915864233,-2.3302875227463296,-0.38600422188011085,1.100959634998571,1.9583474542205939,5.715152496425234,0
432,113521,1.3519476177229186,-0.7980606273144129,-0.48397127195235157,0.2502002062516945,1.9956674897839644,52.84757690951689,0
433,116378,0.6476764835383364,-0.2872285641135523,-0.7757080791616118,0.0341524174880246,-1.0872459388628026,32.553517029778185,0
434,17140,1.1745170741325226,-0.4497652268482671,-1.3032008553891445,-1.042044412243103,-0.48720292119492714,30.074350813474815,0
435,2670,0.8462842480036996,0.20642226981093784,-0.5363858905265686,-0.10960980392583083,-0.08836295920533532,35.26256347830148,0
436,36519,0.589774856896413,2.275400798645439,0.7711247034316924,-0.32602353216784113,1.2012139221639448,41.17231417423669,0
437,44512,1.628194141849058,0.75623000940066,0.3558877720816076,2.165002344901084,-0.643518230380143,12.63153862199424,0
438,103565,0.9988284202025348,0.6209729443893899,0.3920188479927993,-0.5260348426675804,-2.1533429198712444,36.15837114331391,0
439,145763,1.2062731561844182,-2.531535315243643,2.2502673958982964,-1.0052840194962513,2.018549944255326,179.56703537581018,1
440,105156,1.3131404570530227,-1.3631166611555665,-0.9074568607450098,-1.1883469383011585,0.5943808889316871,70.2087964642718,1
441,165334,3.4931075678448607,0.49875290836568625,-0.8517910500951843,-0.4263575962055433,1.1484457091967548,7.756690148329074,0
442,25595,0.7480506280881223,-1.7893385057196745,1.0929550145194453,-1.0156095785680224,0.5281421177213345,66.84181090030548,1
443,164512,1.443134655138489,-1.4702033387853113,1.7123322140025121,-1.7785883899886543,-0.48159171846358106,49.829164367751744,1
444,8630,1.6935602043342914,-0.7091029424099942,-0.8955317804517384,-1.9212437400943918,1.8294099847908156,37.53140102972958,1
445,162322,1.7827375831738643,-0.5031264094924028,2.1697714549838505,-1.9996975283653082,-1.4161438629688767,7.029100327240905,1
446,107461,-0.21526719192418753,-0.7814659575890543,2.109471788595969,-1.6449414385934964,-0.5990159604584012,7.636430610375872,1
447,74191,1.9938184671438157,-1.2973760792431064,0.853616597485452,0.18637650590593702,0.18802677274107726,243.45648676894993,1
448,100591,0.9779258713392691,-0.28791140814570265,2.0573082132655034,-0.6057149230033384,0.742095372009307,33.5052352483091,0
449,63753,2.2363028920724797,-1.5955349351838592,2.0005330773315917,0.8994359830087095,0.49820497305836636,9.470400457363102,1
450,60520,3.297939339132431,-1.5256309339853844,1.1324070133401363,-1.472485596006336,1.1232708359202608,118.63219564458072,1
451,4008,0.8636130545888637,-0.03969520371852964,1.562483624066854,-1.9793691216326172,1.0722543864110374,74.44041324673071,1
452,107408,-0.29744666860574864,0.3632289751322504,0.7963739271019992,-1.2888861190436913,2.488940328444083,332.68518207608935,1
453,496,1.1872908372667421,-0.5632861041785815,-0.06206216455239798,0.6833289928110694,-0.20931381957936157,172.14082456076704,0
454,99767,-1.0118362323501595,-0.8651136630753726,-0.4052247043546676,-0.6095122021592831,-0.186971302985446,15.821755344474271,0
455,23212,0.1955507814625285,0.031178276809989386,-0.029947836886818624,1.1618783026081905,-0.9273531341905741,162.21276151752247,0
456,20637,-0.3428032182428997,-1.1606311195254944,0.615826048751263,-1.766246319753254,0.7246215441013093,56.901723591875815,1
457,45227,1.8558921377875826,-0.036093065924137524,1.0799012482303485,-1.5712002995492906,-0.8739696161121294,31.064090691865285,1
458,119753,1.2273133798514386,-1.0473707025444359,-0.48217676334612714,-1.7403989164843532,0.33923909302013977,36.01851356829104,1
459,120118,1.7484992298929263,-0.15976864578908573,-1.4260476860820384,-0.413465161123276,0.26028050658288615,16.599742669429652,0
460,9884,-0.7138959522925377,0.28568716140335904,-1.0254246260595874,0.2553837556743171,-0.8953463223630241,8.325284807046337,0
461,116481,0.12305277250595059,-0.5982972445384538,-1.4793192280145273,-0.7309300399419191,-0.033126972873797095,3.1337469785301595,0
462,68259,-0.8196698946261438,-1.0946814757209058,1.0608267873785193,-0.46770120131189136,0.3465038817307158,303.9666225809396,0
463,49810,-0.4891830379672617,-1.4712637407025198,-0.8754877712171374,-0.04890054549268996,-1.1650830462563206,47.96553600547368,1
464,129926,1.3367466473992307,-3.304211935943967,0.7389907767474304,1.9030275644050836,0.6693383333602919,364.04908038624865,1
465,4761,-0.6161919154812425,-0.6318222082304448,-0.16717829004935525,-0.7157599891107518,0.6820520657126199,14.752710015684508,0
466,16375,0.8228354880354996,-0.373700003938579,-0.12435459226098285,2.1422703586118637,1.7275431701007113,28.641103159814616,0
467,156290,0.25307942112081594,0.6770408272231214,-0.023178108939744646,-1.2829922241885696,0.99626681944714,27.851174329022758,0
468,161637,-0.32567728749621244,-1.1192471945987674,-0.30298063739565706,-0.8000385643976464,-0.0635245746153551,36.748858753994405,0
469,102654,0.2521072827310137,-1.834323045491582,1.8640297815728597,-2.342801515209646,0.26724497011496096,37.02077438030318,1
470,32975,-0.051921317816509105,-0.5699960661974572,-1.3961166642498946,-0.4561208274741882,0.18142662011397137,13.043395449334776,0
471,158145,0.7329598253606961,-1.1776175007542373,-0.6647740041709422,1.0213832954293984,2.088442772869925,52.614668550752064,0
472,132955,0.9427227598675438,1.5291525301324314,0.09652116970147012,0.7090037575885123,-0.08973569428722672,17.604458881730018,0
473,74489,1.0238875660401372,-0.9170125811874901,0.9690741948738736,0.3282397832688375,0.024157593504889885,87.0554534386018,1
474,8381,-0.7700847663261525,-1.3255251709247389,-0.7919080698812444,-0.045586016355497805,0.24333944932269183,52.559228194951736,0
475,154310,0.10996096499850552,-0.15744542281042717,-0.2803916817624078,1.3728484746765302,-2.211861911329507,15.753341836923326,0
476,144867,-0.12087835537731761,-0.2285982050962334,1.1011099446872932,-2.3444338482482445,1.3928839718518697,21.65932084075044,1
477,62999,1.4205835377373608,-2.270951721092283,0.721420256786846,0.09866916033917417,0.937696573123923,50.540700126215796,1
478,49907,-0.23625386492811784,-0.30607676680874185,1.8165893397596518,-2.530262730484345,2.2338857455005727,49.50554846807274,1
479,140710,0.8817624722573797,-1.7811563781311142,0.8401998592324875,0.7985381120963413,1.7021284586181193,78.36812824959915,1
480,70467,1.5631156277445233,-0.6888900088568048,-0.7896492920961529,1.21527511046064,2.190644460922547,83.0638818019197,1
481,42623,1.4063617713254506,0.46219593871763687,1.5486357645145274,0.16198718907184095,0.6629880299873723,41.135072506068575,1
482,169564,0.42810441491078927,-0.4810516574748808,0.7406435489887241,-0.6526239793023909,-0.4461834332147797,23.268549972031597,0
483,157483,-0.11187696612246739,-0.28760622407249353,-0.5325581878196209,0.39445214237829684,-0.42098448082026296,21.776757292679573,0
484,110724,-0.30586082075889337,1.9193779062072966,1.8925153531681183,-0.7666565877833479,-0.5495571359085801,7.086410414403701,0
485,151606,-0.05786815590888783,-0.2686197474250076,1.6904220612514635,-0.9421465369405462,1.23868731792169,20.44433783660573,1
486,160253,1.4033018820165215,0.31422764866203967,0.05030176146187759,-0.36361221221385587,-0.056945623721067457,25.254558497202435,0
487,103069,0.5110174672026184,0.10328688812960762,-0.6449190868089497,0.39913611435207086,-0.037634702424848364,29.84199249868764,0
488,19996,1.7898634386020822,-1.4009039784765156,-0.928497024780246,-0.10325476014904739,-1.6431888111541673,58.29468707051654,0
489,105682,-0.03708597111803935,-0.41340266354093974,-0.4024696864881283,-0.38817681854122876,0.1704162223754877,182.56635288357919,0
490,83609,-0.6600462952794637,0.07729106640427587,-0.006627625723348768,-1.1302037246739238,2.411676675578421,27.901911240498467,0
491,160477,0.6135848511112265,-1.6197721282538775,0.19123032919202676,0.8845248346034518,1.7422973270139028,41.27222095769905,1
492,101490,-0.8820987031889873,-0.44685084362079086,0.5517997018332275,1.1234457948249532,0.1253850299814181,97.86062798440298,1
493,71325,1.479083858345185,-0.7084363233180273,-0.5906716276064519,-1.7784995458666064,3.6552177437199016,22.622198604601966,1
494,28930,1.6993554365860022,1.1246336829127688,-0.04036963007982588,-0.6469367777055739,0.6982233136135899,9.264281734789368,0
495,114426,0.5965755451407617,0.6631847952675847,0.09729226563120644,0.3113086734428849,1.6999573745763805,13.895553341645972,0
496,17529,0.7599721429391164,-0.4777153697521061,1.913387247526623,0.13653533108273744,-0.3653215513121087,26.096699491965225,0
497,53546,2.254157433750286,-0.3057467042619367,-1.1589075870566006,1.4816634024625988,1.9625871905307948,10.236681036510296,0
498,7942,0.6721054726068629,0.5891591956679287,-0.15312065301754535,1.2235688824186275,1.0964692338108837,133.75861273326166,0
499,7548,1.8137708557899086,-0.6245441423727471,1.2675701058009903,0.36225959750566683,0.3604087792628684,50.529460340975454,1
500,115248,0.6734683129039569,-1.523575988406583,0.33581321336215364,0.07617393169307529,0.19056884267152419,67.53014093832729,1
501,149368,1.6873052370449948,0.07192986521179723,0.220717217588012,-0.45140488013901964,0.7748255716168357,145.24502037735652,1
502,97780,0.5992925804064919,1.501741289398798,1.4615111967268526,0.032004149065766624,-0.7534178703461835,122.5085311305066,0
503,296,1.0215625051261434,-0.030866373844768952,1.3532606633210342,-1.3386057997232488,0.6929186230316111,21.70932546374916,0
504,67945,-0.25092789111122427,-0.9244236273299622,2.1488641418753622,-0.8292164058539853,1.675115121589086,36.485831638256855,1
505,59980,0.9642887551433315,-1.9394632419859827,2.219244917564096,-1.094455757588034,2.352755545126183,76.55607517235471,1
506,56782,1.495232575040603,-1.2382336750556175,0.6894815172702701,1.0188985322003248,2.077184963184339,297.5918383878513,1
507,165301,2.5697011076541845,-2.086054582118086,2.3554036094598967,0.14586964368414557,-0.0005903525360616557,25.023136850034,1
508,96382,0.571495310825648,0.7514762752395232,0.24058921640049677,0.39069592092814415,-1.326472128311083,20.631529841448486,0
509,53444,-0.03254031122028023,-1.684491730612797,1.5573242810867656,1.2982214745467469,0.7619176653385182,162.1901892299526,1
510,35036,1.4949714557088214,-2.4972576451786446,2.3809395766667274,-1.4654222981294605,1.6219034854381413,73.56419791345247,1
511,39322,-1.1575514994649305,-0.10920907704986343,-0.8521564055905831,0.31917451041918043,1.3404504460231446,17.51569753639259,0
512,158239,1.7333592447054493,-0.1605314954815953,2.318194711754256,0.25736830537822497,1.7721970000729779,20.848196270936143,1
513,51667,2.389538721694773,-1.4076610271180587,0.08474057889572445,2.0236062192296393,0.006799844559997769,29.01022507538638,0
514,94527,-1.911135309007885,0.435614558108566,0.6708651938869669,-1.4785862457798415,1.143754043206929,19.964211062036185,0
515,83337,2.7126154216129157,0.9846042878980239,-0.11926037973439464,-0.2628908292082677,0.02246589281204638,13.391020315994822,0
516,51468,0.9343954397138947,-1.3998782386683715,0.9853591644936076,-0.5357317283543634,0.7498830487461934,178.88347570983834,1
517,72894,0.008188731084455891,-1.363190808696657,0.783109777147159,-0.07783719701280203,-0.18047991359062565,61.41377578684145,0
518,63138,0.4846803058649084,-1.1471262895296965,-1.0716140385106516,1.2004139079444254,-0.6568942789713957,383.0449135004981,0
519,22588,0.30648490748071977,-0.20214929861786113,-0.7734413039546166,-0.15410957972410755,-0.19904475155487267,51.20390705034989,1
520,62901,0.9543656563540577,0.14441532908954494,0.17996862631982027,-1.1254890472983765,2.4457519796168263,35.19047270642049,0
521,148743,-1.4258067287905967,-0.4775646523356551,1.0941094030473724,-0.9811655311396816,-0.46440426230938764,32.56825945094963,0
522,83038,1.8813623265753052,-2.1536922813398585,1.8547332980678093,-0.6005760140132329,1.3730382821602152,36.968873189762164,1
523,162717,2.2821123129931404,-1.1290341151297838,0.2483378256656068,-1.558970698903345,-0.07874083630976603,10.101214386325756,1
524,138709,2.104348109786743,0.009096208272701328,0.6197579421481819,-1.2932729578711637,-0.9564363768180087,15.799868923068903,0
525,131732,1.1545252270666158,-0.8919339003953131,0.7902475008365087,0.17183933979353122,0.5532512199847837,5.284040440486961,0
526,107211,-0.7689231424160832,-0.8965618706918936,3.142076040143744,-0.5226415380353242,0.8777210208162867,26.857872946207493,1
527,6922,2.1736222494278468,-1.5035696189077175,0.949385985370067,-1.566120830610671,-0.22806255480769388,96.93796335821277,1
528,93697,0.17825249161671647,1.713449743242131,0.5308116845547776,-1.024186824329205,1.8540925663341883,85.4919181429751,0
529,117217,1.1395962708030916,0.12778025063389853,1.186110868258978,-1.5469232850701675,1.890166238959289,49.93718151222775,1
530,69506,1.7401172154494728,-0.4763923020592697,1.7009404329108155,-0.04015795064434341,-1.4307751021180481,24.658066000076964,0
531,124338,1.7861658003927832,-1.4124138182164803,1.3571989703559275,-1.0406651745302131,0.9078801846947282,16.40933653777994,1
532,27843,0.250536290347567,0.8748194921666037,-1.2227220215622987,0.3824097461840506,0.1664522082130561,45.85445792978722,0
533,140118,2.3460301441420652,-1.7773714848459066,2.658789184496894,-2.3304614097433767,2.529642131112799,89.22913978232575,1
534,103064,-1.6792998103757877,0.9479102561175339,-1.1727430257398066,0.23924686411114954,2.0740826697499735,225.8181517698323,0
535,126417,2.984775039185095,-0.986549635380707,0.8751469442051482,-1.7287920814524589,3.835657902327778,20.807106234505355,1
536,116585,-0.39677181842957493,0.7820265670847268,0.16044226333355596,-0.5388418561927383,-1.008554684076208,128.01165915071846,0
537,30346,-1.1137144969049801,0.08877393865129969,-1.0039076414647898,-0.7355299425897666,1.2360931752104374,40.81412928418247,0
538,123152,2.0945578635177875,-0.3176112990361714,0.1237879516388985,-0.016422896072752075,1.188393273448084,69.38788287582902,0
539,111769,0.9513841462333226,-0.37338636273692916,1.1455638811418984,-0.17659286172008448,1.603440133138894,35.94861128073382,1
540,102391,1.530874513154735,1.8850142787085093,0.4628808601743548,-0.8798143535020543,1.9870611116994412,46.05970185894333,0
541,73143,0.9628812686674126,1.373473857485325,0.08102155870370695,-1.2968319479558466,0.3996879517526416,15.454274839888624,0
542,36787,-0.3706202090766449,1.5924653000643287,-0.35004651459895275,0.28869362927985703,0.2603218387712207,9.094993196655315,0
543,33583,0.7037300903366095,0.17580439360908384,-1.0037018607301282,0.324359281721603,-1.1790397911598025,5.351472046865207,0
544,143635,1.772670675750982,-0.4039806259692295,-0.32954865536034705,-1.6394841625254342,-0.39247110606087293,12.510981726594144,0
545,121943,0.7300416471910696,1.2302834540318421,0.1387891590265135,-0.2590421458207031,-0.19634984908497827,11.567388077383784,0
546,164762,0.7742443953484095,-0.5495042762219653,0.8382417097789056,-0.24405854835415786,-1.004944454010639,267.36825171155584,1
547,111233,1.4327867429401635,-1.7567639770159262,-1.0899217049785532,0.39459222051373066,1.8583858198420424,15.071965539143424,1
548,14925,0.5163657177136123,-1.2737292521667607,1.0857296470506115,-0.650402042481212,0.9978271747079227,87.80932888157722,1
549,83184,0.5886147526113717,-1.0929442066135884,0.8604980779782503,0.3168337755299542,1.0864161697440464,116.7123424001976,1
550,151180,0.6213572154502731,0.6219207542352847,1.513711269058647,0.45353430151397983,-0.24415663529064868,13.57890258006431,0
551,76515,-0.048652134407859204,-0.14925770431842877,-0.42163505121738265,2.076747983560841,0.38193545223155334,32.09689855568852,0
552,136427,-0.00780847113888411,-0.638585798447231,-0.9866809222834573,0.5348173363459102,1.2289805024890619,113.31673254851003,0
553,46069,0.043584183256143216,-0.1499206675824467,1.5176807522394007,-0.6925556256591074,1.28737148063299,29.440118620052658,1
554,100854,1.3807807255546218,1.0339221545489041,0.35918007922843664,-0.07016571145864703,-1.6609609335159914,25.070926342675953,0
555,54471,0.9396909587285625,-2.510041211985252,0.8794617708434627,-0.9937053798049621,1.4402879440356955,14.077144107576192,1
556,32705,0.15447051432594683,-1.0262607932698522,0.4754895449114227,-0.05301915989529027,0.9314915622619958,400.0355036142408,1
557,128501,1.3971527117536957,-0.27883745600840415,-0.9627757640431206,0.6934789119139937,-0.3920126399191296,16.51536557492232,0
558,116361,0.17146248856106924,-1.6818490454976391,-0.6487249077409615,0.09284490114111471,0.15985639199740037,22.28602860070859,0
559,87273,0.4958452550976815,-0.778372777615032,0.30825275571447186,-1.7025836042378404,1.0291556373256436,21.876764812584916,0
560,23241,0.4043559375232129,-0.6987840483231282,-1.43031362573899,-0.1891203907770335,0.9216501119244593,27.3276104654519,0
561,158486,0.9482804338438591,0.07905185139221844,0.31953244390702773,-0.8874921778021001,-0.43745830032341043,46.84225319995071,0
562,50818,1.371469317590391,0.15264810326169242,-0.11740379349695185,-0.3320495778681483,-0.2702807063967748,38.21877418990363,1
563,151967,1.5098947793806345,-2.273585548596599,0.685373099428137,-1.7951739598992376,1.4496831862902597,221.31668622609592,1
564,92307,0.9686990570703005,-1.5764195763348439,2.571034690817104,-1.4994952201676433,-0.13706607356999612,149.52206489261877,1
565,66920,-0.5911922254152875,-1.951815401329305,-0.8191533192424201,-0.21113023882769444,-0.987179527151184,13.171443603881947,0
566,118642,-1.800026507651624,0.8255080168310358,0.785231482988991,-0.5923559556520536,0.12354769595558233,30.56305615708914,0
567,65453,1.8460061871145514,-3.3716593608588923,3.1420696529278804,-0.5047200593791317,0.12350085950699974,25.72761072931063,1
568,22689,0.35993263026632827,0.4773769379581917,1.260658595838651,-1.308820399119112,-3.0195121558208253,32.49832551627703,0
569,139324,0.7724062778803773,1.6841160285359649,0.25561334878566,-0.31305803052315434,-0.0007085945766459172,41.236281606083075,0
570,30844,0.9635511632641406,-1.1196196243687713,-0.003184381233093392,0.020553502887896924,1.0843090640781035,36.168068033664774,1
571,95687,-0.9239402667622565,0.23408346825922607,-0.8699732310586418,0.2337859117907477,-1.5558956462036273,43.26249986798036,0
572,23365,1.405525932957984,1.38703030556038,0.5387302220291846,-1.1430049127304835,1.633431532301096,56.158125674581214,0
573,137098,2.2965471182302535,-3.191253851165281,2.6344821017945153,0.3223742187031595,0.44023538416952374,39.24719222628418,1
574,98303,-0.6232332461109042,-1.1516846056163337,-1.0758732529773327,1.0536417966078395,-0.949398888831943,44.33061724184515,0
575,28523,1.492507512477975,-1.5785875840065169,0.21965182591897722,-0.5041798310076715,-0.08152267310164589,28.675850513614336,0
576,141554,1.9070323596107848,1.084712921231016,0.09208830457179396,-1.139759007647524,1.131607474168092,218.00806283655035,1
577,112105,-0.943863235391285,-0.4929051977959073,-0.8184072655691974,0.8949243769444413,-0.2949496782920278,7.793305445088615,0
578,48888,-0.24826879492507709,1.033333911780307,-1.2048627930625202,0.22054142701386686,1.2179591523055584,25.853693494936277,0
579,113884,1.1132051867479773,-0.07896293033180851,-0.3797601684958344,0.7903718960517113,0.34005129456889044,100.89039007739355,0
580,106968,0.10448061115443763,-1.8807540896027302,2.8987250183513122,-1.5352010347632468,2.5562082520572957,114.394517257302,1
581,50110,0.6764095260975166,-0.7020515543575103,-0.9696630812746944,1.1254347844147694,-1.1894118928673278,36.13624464664849,0
582,131565,-0.21001639885474704,-0.06987493529337124,-1.0787637157823073,-0.4442932600761116,0.3773004930448522,9.289889598040448,0
583,82001,2.271080500402805,-3.0744863510163114,1.0779651359957296,0.32186150479425213,0.7133210376865551,54.581026774514314,1
584,39767,1.4402058439462229,0.2531328247682434,1.8899197221808524,0.16956902575290678,1.2268554006104373,225.54762751825626,1
585,29550,1.6990958161377494,-2.6922708316433286,0.9296142346118041,-1.612823590336565,1.7280588148933091,317.72560243870214,1
586,144905,0.004910085762093674,1.175816719344709,0.8184544439424138,-1.2457173764463845,0.054934110999848726,29.13261868649991,0
587,134042,0.349464721252956,1.4851899166788916,1.3647753109779797,0.47539073799901477,0.7482855664227709,64.74547221781064,1
588,98315,-0.3002218614469361,-1.7788370428204348,2.4510728924131393,0.08619118858479557,0.8373604226727651,33.664319777141365,1
589,95494,-0.06096616581907993,1.359329803364248,-1.1810633275998974,0.6159356069442637,0.5931012579683838,10.020495604809922,0
590,127424,0.09067632284813387,-0.46907273865991655,0.9399046873960765,-0.6056155397368641,1.8260097135469362,69.71844550399749,0
591,113855,1.3859821161750323,-0.335963445114048,0.7080577982811451,0.36728731340134063,1.8381836767951225,24.50675730140372,0
592,82681,0.6258993247164016,-0.46358610010865664,2.133881054924209,-1.2074601072916016,1.807962313627049,18.31712413296808,1
593,101489,0.5544279279646049,-2.6610834155671723,1.6032520647495048,-2.8634031524794548,0.5826495077574652,63.94692803698939,1
594,130546,1.215182942540433,-1.974806575922842,1.7455877121741934,-0.7806187623019748,-1.4203155982304234,78.85571894561824,1
595,28900,2.7737342165551064,-0.5433119892696008,-0.3961588131646496,-1.7182121665097916,2.2227444668851355,86.3292189364209,1
596,14126,1.391310120594269,0.8091381209071771,-1.192312764672579,-0.3164084496948019,1.2130976999791834,43.11044132837217,0
597,111198,-1.2029703283951532,0.45373966149457345,0.36769317176543315,1.0857863249393471,0.09798315347089544,56.23197165697128,0
598,79303,1.222630852676869,-2.4055630538562864,0.11500687418298494,-0.6013199904525932,0.8209326581354437,284.14392680783436,1
599,67061,2.028229690184623,0.09086167060369799,0.6370604879747418,-0.9499407190791094,-0.5331518145247119,109.14996421200283,1
600,16978,1.1621069182831691,1.3883719928704386,2.284256645196173,-0.07717310501448793,1.0117991582033883,157.39027202057807,1
601,56344,0.5482205863003361,-0.2593608995402441,-0.9498443694647918,0.8303358165442456,-0.8560838259088672,43.93989157287945,0
602,46648,1.2640871682883572,1.3894704889246405,-1.3276078151369926,0.597400069849858,0.7011727423108983,19.89228649669285,0
603,1055,-0.2441140021141926,0.0372070939277058,-0.059080824604278874,-1.0021874557814727,0.7408243454201259,15.856846851969479,0
604,75582,-1.0200225112207058,-0.4117690909052854,-0.13703679704841204,-0.42930222451725997,-0.692420979873856,21.41709284786373,0
605,81214,1.403235954586031,-1.4576332493376152,1.285688580418739,0.7091310134045505,1.505606232631313,60.91067653018768,1
606,107954,1.2337190549010533,-0.7314064189557021,-0.01482218735241414,0.39691094876135224,0.3031052152680287,65.05849439166154,1
607,38725,0.6088330125989638,1.9022149446352379,0.14075317948856828,2.601683114180395,0.5655096456315442,22.15662487378886,0
608,136327,-0.1937565831613125,-1.356581898659751,-0.5281151609659125,1.5007597906343109,0.8502217421134929,43.44051834978796,0
609,53380,1.8336610247740586,-1.6981996746110497,2.7786746733725662,-2.711640550651757,2.2111674978026246,44.95809654341872,1
610,53333,2.062223511886977,-2.4162270557926453,-0.051153736552869145,-3.6390786594854267,0.09061917891724602,14.982134474775537,1
611,42459,-0.7469109826819396,0.7366527525272861,1.0857041546629969,0.7189533106650667,0.9960476858058164,58.15434594587883,0
612,116518,0.5132937073729386,0.20120547536222425,-0.9170886310681906,0.6592456684324051,0.9375701376265584,20.00209591518857,0
613,36163,-0.0640061679473638,-0.5138152084380612,-0.8493717553224231,-2.8503574572842005,1.6391804947015678,229.59925179464537,1
614,165043,0.12980843710566825,0.719040612841821,0.2036673414079383,-0.5806976627995639,1.6918593103880677,289.2305472834728,1
615,84730,0.8903502860119388,0.146027575013415,-1.7375064413973789,-0.816610342325909,0.7941812425023022,109.42100792131733,1
616,19476,0.06721504873225492,-0.6496297836136617,0.25567596281692906,-0.6975153578417925,0.4171724091930817,206.55669030338845,1
617,68580,2.2067300712270645,-2.571152351117883,2.1815140862997415,-0.7624581585131786,1.9918053390746455,218.40461994969678,1
618,105576,-0.09350762520409583,-1.695694877197064,0.18187301658342525,0.4395840064415615,0.5037703218982401,3.215054797569502,1
619,86593,2.45228366195664,-0.8387004573373049,1.744123767850109,-0.7180111861752807,-0.8523770951409967,19.873790037504403,1
620,109071,0.11601666364732086,0.21843393306539316,0.24758170536167104,-0.5397596803093615,-0.7783047254023127,17.32482098808921,0
621,114832,-0.4711697724940651,1.0358735351817927,1.5689780781484677,-1.2919569048694832,2.2280568889869676,422.7843320510007,1
622,138579,-1.031232953557778,-1.6362053731032966,0.4079913269125437,-1.1033666061738736,-2.152890592952483,50.726559468161675,0
623,143190,0.06616964319364582,-1.4124790118879367,0.3613025016704373,-2.427004920866749,2.9225902305694813,38.826077549217125,1
624,68682,-2.29104229214491,-0.34624444825248274,0.2918040054025465,-1.4789115687741288,0.18335991977915564,15.891283375615544,0
625,91713,0.6384964074944142,-0.21528791390080126,0.5327818661062849,2.270692857804396,0.18186625505849516,13.309152969129604,0
626,104060,1.1677193889505297,-0.35945706492522655,1.2230782016561812,-0.9131280525157405,-0.39921636344582423,205.57206372853622,1
627,135486,-1.5408742313316452,-1.0795769667357016,-0.7248185776956788,0.026091050210833786,0.517659020469123,45.116880214254635,0
628,83030,-0.5982147394091075,-3.2235741679371968,0.5819309805249433,-1.100980312393222,0.2685629725168167,50.35618753770159,1
629,120360,1.1745058714148002,-1.2171588071368566,1.1583702908178957,-1.4038589312369547,0.5567940731569623,63.150527239766355,1
630,85973,1.4869558543017087,-1.8319549174944512,0.46171727347150593,-1.6153756283161211,-0.166234931899225,154.21979899201958,1
631,135009,1.229430591677552,-0.48335555406403274,0.11867406348253529,-2.204816943927507,1.0072079620401337,48.054958202094525,1
632,36731,0.25448775469875784,-0.2242363333980435,-0.6698329282387587,0.32950873557300914,-1.5171736966716791,29.51427863195254,0
633,169737,-0.24267379973402176,-0.587783751908239,-0.720847598251116,-0.1681438185847896,-0.47209057769712737,10.86955814264077,0
634,148572,0.5864123946372055,-0.8037590593332795,1.6457867135323556,-2.9715714047604473,0.8918867983882497,26.172167561808248,1
635,114360,1.2231959785573747,0.35101575248700034,-0.4125289652988755,-2.1307051313309264,-1.2779677321946878,20.810594439569513,1
636,1750,1.3800480657146486,-0.24732189565875118,1.1810163617351128,0.0678555105274033,0.8527736751222195,88.23957312462433,0
637,65018,-1.3924646297148193,1.7295503194606137,-0.2580078985789894,-0.42688106994742003,-1.0121043752601675,11.752967716542072,0
638,135099,3.0884369396142564,-1.1642419850320318,1.7975869703391991,-1.6360916702196264,1.208009902217341,2.9169872209781262,1
639,136817,0.6161559571827783,0.6692675898085263,-1.6355721232071059,0.756788679986982,0.6124687940136023,9.563068875261424,0
640,86984,0.15772841195275156,-0.42957882663920444,0.7685686287184972,-1.31866671962121,1.7532015450515543,15.562507062290228,1
641,107983,0.7395012306202264,0.978936503512114,0.35777286615188575,1.6744924333475373,-0.005596018829046555,61.62881841421026,0
642,28451,0.7283070972076486,0.012855734995451229,0.885729995679863,1.1873860515647512,2.589563642018614,61.04662851432697,0
643,93743,1.012998430172388,-0.04032539815813502,-0.47482080754959755,0.7109599682034915,0.44426331148603976,5.6762845405301,0
644,71474,-0.47446946045324534,-1.1090234199634639,1.13437530902646,-0.6394105668282403,2.2621324036850794,14.34317990268066,1
645,12150,0.14410182206333247,-0.3482872964906009,0.06001822585278768,0.501782736167545,1.1173988159024608,229.9505329728565,0
646,13406,-0.797302527632844,-0.38886682673869605,-0.9372624310497003,-0.6078752606758179,-0.5391227031489786,19.7225683865596,0
647,150853,0.7799722727058374,-2.9046746934654637,2.5444121950550875,-2.0276799644560572,0.3087219906302944,62.297915537835856,1
648,116047,0.2342173671360407,-1.5385736732966242,0.6332411880485596,-2.282984431982418,0.08231760339486627,32.47932159344027,1
649,123971,0.7122946270512553,0.07433300477024374,1.5964001177339413,1.2750650393485417,2.0801281737415276,21.06648985016698,1
650,103157,2.027236107657423,0.1598399663883443,0.5940338010121448,-1.8258681059694764,0.962331349619123,42.833423605569465,1
651,18325,1.4966314866456512,-0.4097829043193822,-0.2340171666729177,0.014688194729197093,-0.78489831308224,38.70089913645856,0
652,94415,2.4907584241224283,1.5879089735306846,-0.0997252650902134,-0.10108031491921121,0.49019875620646697,30.150110613259635,1
653,140508,1.4232809132553705,-2.1983921249520453,2.184198244043543,-0.5896969597780046,1.0983935171774868,26.869156825700077,1
654,17669,1.6754306825266234,-1.7955570679408823,1.5243939378610127,0.4795186697601588,-1.3168188393540645,360.5705569755715,1
655,127385,0.654813755273678,1.92727009247333,0.1056449343691267,-1.7214510234289213,0.33460702971459855,43.875089539267094,1
656,72010,3.4758254276476377,-1.8522246429973241,1.6181017020299757,-1.3292010098115128,0.030713013011356205,136.1519608826115,1
657,132915,2.20163182520856,0.39345452752443144,1.8105491022977853,-0.3706591771982657,1.2796396483859656,42.5836928024782,1
658,50812,1.5583445110760032,-2.1965579286166865,-0.39350977825314337,-2.9239475827006647,1.6209969529056358,34.65535576612652,1
659,16059,0.27497304125485605,1.0177662992002872,1.2902075490173133,0.5578103063518622,0.010352619843380607,93.94749112197307,0
660,86269,2.889188933651679,0.6699227814046389,2.323948753146005,-0.9976204677959657,0.5347590225101535,43.70773563354001,1
661,171840,0.8583269125217223,0.27600539141241154,0.4387559924463692,-0.9206735930793662,0.169360824036078,17.956959408599285,0
662,25395,-0.07423211907679517,0.04848265105059246,1.5877748210843383,-1.5342333219710378,0.7584703626621526,21.37184546749321,1
663,20202,1.3259013883949589,-0.14887590161976205,2.323855918542593,-0.4620444458549748,0.30775915518718544,31.966334030010835,1
664,144345,1.982629826316518,-1.0242328338696922,2.3024512479830723,-1.8952705188428047,-2.2767038131960007,63.31292025643451,1
665,103235,-0.37162336793805156,0.17444592900855474,1.0727290192593646,0.5436001545944323,-0.37061433208610595,32.334588610786824,0
666,45510,0.7847328172944747,-0.6463566549908735,-0.743549832317462,1.0299608175811612,-0.33477533210654087,35.08774826241141,0
667,87945,-0.15693556969957534,-0.776846945252303,1.6518859718221541,-0.11976979158237089,-1.036752702502465,133.346882244205,1
668,70649,0.4979107834626478,-0.45141800361444834,-0.5838858340543216,-0.32034730819432017,0.4241659464019164,16.086018164621713,0
669,106723,0.11547464234415045,-0.40474466453821273,-2.3055660570990693,0.8970661968871322,1.2748750412787222,160.74299066211756,0
670,2881,-1.9468893339846052,-0.40670029476529673,0.11128369227947271,1.2000789564268612,-0.49190244750620515,35.19016475769961,0
671,45913,2.303933546701907,-1.2562808242515724,0.8640834706878762,-1.2068852445043747,0.3652433291556769,99.80791617588727,1
672,111860,1.8715311717290533,0.5280313593878327,1.9875039674140593,-0.039153345688522245,0.9600859946151636,51.59431598549471,1
673,84785,0.8081232346131335,-2.017764309076953,0.07259644847398916,-1.1732682459413142,1.5445184916452914,23.06455283704339,1
674,62457,1.5074035697196884,-1.824612250434761,1.3766007655111807,0.3954806508254789,0.3033709413882698,14.626984556067733,1
675,166415,0.21928341989141767,0.27863519031609063,-2.0982006845321077,0.9163276747024814,0.3464884758979927,65.15308986721708,0
676,139728,-0.4031764251258874,0.1650115095030383,1.6708006356355098,-0.6269670577877674,1.8124485579969287,57.42666026008959,0
677,5741,-0.9096410186912054,1.8725723868377033,0.3190190093660452,-0.7050118557584089,-0.05576907765770601,45.23193611418936,0
678,147733,0.6278795241593573,0.2858930062933304,-2.319300372747535,-0.22979963057519381,-0.8514064342603136,34.54568097321103,0
679,97091,-0.014806135888643324,-3.208280776228252,0.8694136014763872,-0.6641405759183432,0.8474949314613478,17.44392569337131,1
680,28690,-1.2947030672667954,0.7136001065697166,-0.6327008396619114,-1.169916835710288,-2.8722622132816493,52.583761524723904,0
681,32833,1.7086083732334418,-1.4303093199546424,-0.3840566649243351,-1.008468210540408,2.106608154863915,206.15758008835624,1
682,102566,1.7042878533842725,-0.709035269862557,0.5929913407299443,-1.3139006266488433,-0.29895139799387593,186.79291050001436,1
683,71240,1.9564883543160985,-2.9140600705874675,1.7594512411136116,-1.6039484147274812,1.2073456167079701,22.09575757151504,1
684,106898,1.1356921120651418,-0.9297068546576182,0.4298041779152828,1.4415686206579004,-2.4716445001272893,21.703489469365262,0
685,77711,3.5943619005824505,1.1850948950361122,0.4132846569967048,0.8238849928111522,1.2831681897589005,78.38723233676531,1
686,39023,1.021672064043235,-0.9290517712172293,-0.6245202662797736,0.48937456122791806,-1.2221278088919454,39.9639275306872,0
687,40209,0.9295295842218108,-0.6043157596599924,0.7953554307625996,-0.6315777291653314,0.2531652380379812,13.63781649102809,0
688,93590,2.2354434164169446,-1.8360621521000247,2.5244958212469477,-0.891706024145126,0.012230488461459355,37.7427271762937,1
689,86612,-0.5432465953161918,2.370942717497814,-0.2758858124323366,0.12320480678448567,0.5514853760404675,83.86586979772072,0
690,80522,0.10617386122719646,-0.06451484131061075,-2.1038623644067536,0.6354180302092264,-1.2392583948534726,57.359199409051584,0
691,111654,0.011036580465038082,-1.0498801541281177,0.05387891493749586,-0.3265925842875336,1.1909473643394854,84.8858278396217,1
692,145512,1.0487007797674777,-2.395789202192485,1.6913492417584004,-1.5239903317426091,0.704609648822976,299.61989604397365,1
693,119107,0.8273244160480253,-1.2426987478252818,-0.7900101711829428,-1.254794717377693,-0.13980653102688423,38.166975280788364,1
694,139032,2.681960768436536,-1.2832180389452326,0.5344236321260097,-1.271315721151118,1.6184174234716409,18.71167351650253,1
695,22462,2.599486426972343,-1.62865430507457,0.8224863811397667,-1.8363092473737703,0.6965388589196951,24.463337202461673,1
696,17821,-0.1830610516834395,0.34679301198554935,1.5122206282554242,0.8968393158655319,-0.2685306479058323,1.7911527266204073,0
697,158330,0.4619429163386084,-0.8187488373979496,1.5602716249823039,-0.605157659729862,-0.11969531970885672,17.085260898832736,1
698,92889,0.813085420097293,0.9250957868479972,0.4161782871149584,-0.6414815952229522,0.43192254467394064,43.66599133439685,0
699,88952,0.3382379949600283,-1.2485914146335442,-0.39967664800678704,-0.05020461704174478,2.620793091029975,44.6601949131726,0
700,153187,0.6308802322144571,1.0335289616089247,-2.0937356425714553,0.37405656984757213,1.2276689924732922,41.489632025432385,0
701,118066,1.7872624134641768,-1.2056278536432476,1.1828325705181,-1.5281719009698156,2.6481370691208355,29.144496449222142,1
702,79364,1.4436572237027143,-2.0902084067994298,0.11446039927907015,-1.7697437196346746,1.0105353174739402,127.32855272847942,1
703,70077,0.9781117287077312,-2.3497730693812313,2.8681692930597835,-0.480034808854837,-0.5069434005131693,62.74383954767523,1
704,40644,0.6140723266822447,-0.6708932212898704,2.3528426344274838,-1.2482246163001496,0.20774967073410366,13.850568833067133,1
705,62643,0.51395024296482,-1.6172122466479615,1.2070574529922968,-1.1451468811380272,1.5879329720514281,24.137888802822225,1
706,13311,1.2965705105794472,-0.26649537922819794,0.5404797952008238,-0.19050310599781134,0.32405702822156063,151.1733923238054,0
707,129466,1.9391168054440675,1.8777008140764406,-0.6535882417079946,0.5689830791852754,1.628396623128538,10.090446127696056,0
708,30531,-0.2574917850078336,-1.1698029795790779,-0.18828204835125484,2.5797093376543185,-0.8036745679697308,10.878021312295914,0
709,14588,0.9840394796497678,-0.06252250749307509,2.7350663945275198,0.511693449272661,-0.19214159342873305,19.10326495311833,1
710,49416,0.39420034511579527,0.010274586836015676,1.0556385444884384,0.578467355453808,0.22848779301945432,209.8149089681788,1
711,143452,1.00180432362028,-0.48984253108481657,2.37257016292857,-0.6736858005167998,0.43086914578959107,139.47920715653635,1
712,148890,-0.32716785658964764,-2.055089368176695,1.2262677362340684,-1.7846547848472625,0.10747655288478741,74.67792057864877,1
713,161929,0.4058944531152342,0.7844129804724842,1.8764405845154855,-1.5642416117110514,1.617212574968624,17.34666382002014,0
714,21711,1.1141517621182666,0.6820667273353862,0.26873314731751974,0.39379729821625153,-1.92767257934561,40.148373125572654,0
715,136169,0.84711911517521,-0.9808128153088449,1.014321694668872,0.7153813154412441,0.7181857257079345,11.103165507202744,0
716,116348,0.6074066978091007,1.0157372125392967,0.7604734883597454,-0.5830774385689385,-0.1671217137864115,50.699389145695925,0
717,159465,0.6649610024662254,2.603415585238275,-0.1576187970335854,0.2010990467149675,1.050654396007612,9.377695433947517,0
718,22076,0.38139497333992134,0.09210678398242611,0.552094695793065,-2.1358624041686136,1.6241365593144974,58.97752836693795,1
719,84274,1.404758882401784,-0.23412172051938518,-0.5158867874104727,-0.5003523121626519,1.8324348709546672,85.67862799341573,1
720,57609,1.5477420726737339,-0.4734906242438685,0.17899416222380196,-0.8353470532597573,2.1451491277733883,39.10187706744577,0
721,160389,-0.42554403356206105,-3.5065715705367166,1.3974620531178166,-0.6605022038525412,0.6151630622577986,55.63536441772801,1
722,58480,1.2325908318730898,-1.2183657329330317,-1.860808811980776,-1.5256563145700948,1.262584103427182,38.02913571763411,0
723,7044,0.7848997110366304,-0.29929938787941635,3.914654444472553,-0.9043427929868919,1.2933070500053236,8.416412431745822,1
724,55486,-0.0700110298821277,-0.058796062667102356,1.4986471705047169,0.5609194479412387,-0.29548031802916036,23.411275442482154,0
725,55162,0.3895806812552488,0.0026615796926739155,-0.2512732836535117,-0.194908280352681,1.1337700968670645,71.13943947582159,0
726,29882,0.8706129972195309,1.1681846605328612,-0.43130838318332276,-0.6122367345077503,-1.085150526557798,7.885417022420851,0
727,54078,0.1093175992366534,0.4174328731797229,0.7700677306887542,0.49568188797260465,0.15041890514357642,117.03989737125278,0
728,58734,1.2278401280812372,0.2570131248970845,0.16859227886325692,1.5284684264125317,0.5078357562896237,51.12252353205178,0
729,108730,-0.841689114133505,0.006340540720281895,-0.8168223206028049,-1.86653661707306,-0.08268068584269925,87.77231384550821,0
730,87985,-0.7166831285764972,-0.04408047367420129,-0.1393072876276312,-0.1344967844017327,0.33385996656853467,7.148880739915837,0
731,44028,0.07653401762814785,-0.14931679611819748,-0.11941960588773262,-0.30317978283427544,0.7999419019420501,21.596887777957225,0
732,98938,-0.8119670257741636,1.6641772387524374,0.896858773465808,0.2806364044901364,1.7586204841951334,16.88392721625257,0
733,118319,1.145221639661175,-1.9224129848439533,1.1073626814235673,-2.278546936998799,0.4123665790450372,92.04251924756727,1
734,32543,1.4412402484067293,-0.9154948543071374,1.8979945496122363,0.12350861604736862,-0.15062332182780114,380.39775785008,1
735,124279,2.4920603343265224,-1.7491717266032418,2.415508290940104,-0.5895037010784965,0.7395806180246522,107.99333260316335,1
736,29362,3.001430099266488,-2.301587982803331,-0.753018482897569,-0.9248868853500675,0.9156977959577584,14.265902530156815,1
737,158387,0.5870167287293104,-1.0570411668529418,2.2839874431968896,-0.45817478604503353,0.8399624583114356,59.03574234680259,1
738,158818,0.31557904758146754,-0.8962750868952019,-1.5400508825942945,1.5945050632249722,-0.8469613483183278,21.04939695070436,0
739,141129,1.5594757975471256,1.3490757867007575,0.38395656372415976,-1.2166253056154626,0.8368769868887518,19.664943690452922,1
740,42915,0.7818660617184915,0.7472647973779669,0.4488838353173644,-0.25495579355369785,-0.12545426000290022,33.272104051879765,0
741,152133,2.8637328321434734,-0.6947568734686471,1.6873916998060123,0.6141872883310899,1.3473939370689756,11.455921725312745,1
742,51370,-1.4248170563741118,1.5490097087177221,1.6310260948942101,-0.651123196082309,2.0815677164191464,44.00628050369357,1
743,165229,0.23734898808102367,-0.3072309681511395,2.205833066294713,0.061436525632804884,1.1513166482381023,65.98845623649889,1
744,111375,1.8900736763366126,0.08771042615786606,1.7916185751213884,-0.5268815657063559,-0.09821225851140525,23.758460417461915,1
745,142394,-0.7097307047099375,0.8191542610051978,1.9574954697116986,0.020793707675407894,-0.7280029412291344,35.64777474609276,0
746,69812,0.573684723816993,-0.5059360810244804,-1.754626662904391,-1.6568518651277993,-0.22605396091105023,6.506310679309983,1
747,34017,-0.7573385891339899,-1.6681430483277668,1.2933794519241593,-2.14817704542749,0.9156822364716244,47.13305580246872,1
748,56792,-0.06999859739387593,-0.33115986945378184,1.7719446078144976,-0.41579792799410353,-0.09442852179979222,103.4057085167836,1
749,158814,-0.036135796030462464,0.2543383607573395,1.8310006267854815,-0.26156504278354764,1.6157342411708404,92.94483999186598,1
750,129198,-0.542771973881041,-0.5905614693577477,0.8233282282808547,-0.6866056080333107,1.358994001674291,32.06712739965078,1
751,17629,0.5923536546265273,-1.1373109657888796,2.057791614472906,-0.5923966485993742,1.2076766534011139,47.49397207658319,1
752,128614,-0.04224653354922925,-2.125587114031969,0.0037796751314349564,-0.867871381699482,1.3316316296375974,10.14865623291269,1
753,139317,1.707020272135357,-1.057395365074036,-0.2954485047550719,-1.5079109406740754,0.6372532523134959,43.029656485886115,1
754,96950,0.8646059258936003,-0.8196643386921156,-0.12355215087423813,-0.17435425790283585,0.22530792204094158,45.04132394179322,0
755,64829,2.443405797187162,0.22803020960813503,0.7651970125554982,-2.5939211131919633,0.3332948919449472,57.52723515291014,1
756,10588,1.5131321400131552,-0.31293420414108375,2.5665408592786028,-1.9115802495135512,0.864174421293537,34.08561160516402,1
757,131514,0.6615035252061017,-0.9437262073206618,0.008559705776523138,-0.0332299906444608,-0.2081168572725397,9.14194130787078,0
758,105280,0.8540806709528292,-0.11084617521219409,-0.021751102855887883,-1.5668640380045524,0.968072269248621,555.5956169650449,1
759,40721,1.3450884740847535,0.3448878330968912,-0.07609695671504453,-0.35141423571373254,1.5634133588321082,32.15521759775285,0
760,168217,0.56402008133367,1.4723535001067678,0.6324921027798023,0.28872366282502326,-1.6548874362282961,13.019893553156612,0
761,10599,1.0716987106483447,-2.6485426206300753,1.0487657003721034,-1.7397137787780996,-0.36244094140313216,34.96009223018089,0
762,72594,1.4887280030098362,-2.157116618713271,-0.23312835477780647,-2.351512249058929,1.5620518347584733,111.31034039485178,1
763,134011,1.6171150673398653,0.08193147300892127,-2.2218548990085947,-0.6078219870944325,1.2969945465611092,34.501909002539946,0
764,22149,2.8748596729140647,-1.274802304752688,-1.1012434734509182,-2.79888890686125,0.934029586346681,62.24418928793838,1
765,127616,2.1567031863856583,-0.4830534842516291,0.8784867370478762,-0.8223002837180531,0.21111445742459445,96.77515626387648,1
766,141280,1.9158727446909594,-0.7729655211351111,0.7759318247910298,-0.20855784824814516,1.5802203604766911,100.30807414568976,1
767,109034,1.8337277099164992,-0.3358014630522978,-1.8073579575929468,-1.1165244399486591,1.2358116200069387,78.51924417549054,0
768,20951,0.8120350310925477,-1.1761335035509783,-1.7995138798684818,0.8713475754374762,-0.0013756798971744644,4.042498381802032,1
769,46766,1.3071699152595961,-2.078512741364597,0.9247054700959872,-0.40068239828086916,1.2603933950180801,19.562819341516416,1
770,57014,0.2771319377011179,-0.7993022322949108,-0.6047749212282174,0.840620026504553,0.5467335682013793,18.422259468120657,0
771,159423,0.6987658922097872,-1.4485428365278614,1.3385549537737393,-2.0905614219462185,0.7567410846358074,245.53016918680598,1
772,87122,1.3571279189909409,-0.8238101774973077,0.4331512830484364,-0.6020833326579246,0.2925277123796928,12.593928205812661,1
773,9308,-0.9207124259141586,-0.3081401976473109,-0.24778031881747153,-0.4532484090230134,1.4524675344707454,25.047146755459575,0
774,59252,-0.6418977729578574,-0.10793240026827944,0.5101076822443923,-0.10131118648295656,0.9252108675400821,48.87835358212632,1
775,83211,-1.2859833122379583,-1.679924385139045,1.770965175371782,0.38961417737090387,-0.8682927318763665,62.83130209393926,0
776,159136,0.7889750634968269,0.021622984073038864,0.7212401633969068,1.2826603221097976,1.3308624190150375,529.2440911725744,1
777,126534,1.7843141664353097,-1.100475720571705,1.0426092969984577,-0.3894499146723835,0.6689305225423197,85.73192865759913,1
778,8720,2.038899663797579,1.1788580507817954,-0.01468185743497595,-0.8082657216409264,-0.8304444065565653,44.27617421670201,0
779,126204,-1.5751724696457445,0.3150260791474172,-0.2601327955666404,0.6713400764504657,0.21319662823768915,49.37466731781783,0
780,79993,2.207157200596669,-0.48200522360854814,1.1262047527740358,-1.103564325265915,0.8190826623373119,45.933663718844706,1
781,47113,0.8117569464784611,-1.0559204485222131,1.4379575282321184,0.09130368686975543,0.9042298589941516,204.03719891687936,1
782,48926,1.212828643543685,-0.520172964633167,0.8313542466902575,-2.6363597837703976,0.4672261164116114,9.667779898050846,1
783,169275,2.032514999485092,2.4313001461926325,0.5380511014407572,0.5008444749444569,-1.801057734152739,138.02228181220235,0
784,136464,-0.6637589262106109,-0.7571509148950428,0.24378788154988543,-0.04865235157045115,0.03279699541158651,72.60897763345285,0
785,25905,1.3473177066214483,1.3695899924277735,-0.32939074406802776,-0.04347694981386243,-1.5311075025557221,16.722926204953342,0
786,50385,0.4132704105377645,-1.2382779783173667,0.8192289345752035,-0.668144085538994,1.8732977762175456,21.655540215029937,0
787,30653,0.8811536445052688,-0.37356532754605576,1.0200915473374503,-0.5949246607653702,-0.7233825299412434,31.168013579668834,1
788,91865,0.021076508701674657,-1.2196694523509601,1.7095260452086012,-2.355373733841242,1.1008450931157097,38.03615798775378,1
789,125813,-0.23121429460759851,0.6838766511880398,-1.2022921498364234,0.681359510442948,0.4086073077017676,8.468285298065783,0
790,145871,1.0307641190665244,0.21427306783643413,-1.053939419396645,-0.4070363129267805,0.6863184569567008,9.330444008487937,0
791,15052,0.02612003559102738,-1.197937728984682,3.167906338163552,-2.631682247206026,-0.15130991163934449,14.361032051226152,1
792,137116,0.7041218279898507,0.09730018754370873,-0.4656480316055962,-3.8076323396937575,1.4711794062192087,41.77754144354311,1
793,150943,1.641746736377557,0.2270345970488723,-0.4806039408091689,0.4445651603552556,3.1314989110277485,106.15785264672813,1
794,151306,1.9864062119958166,-1.559546285289469,-1.73303029014274,0.559189494164025,1.6605061195841426,85.1316027911995,1
795,21381,0.5883662633054408,0.1186323341542117,1.1130433743769523,-0.9792510253569118,0.7899945012989485,4.339477350811949,1
796,148346,0.16804475790556506,-0.40450910236074267,0.5101052435371092,-0.9321693556443719,0.9722789653842889,285.83282532686343,1
797,83108,1.9833587105240311,-2.4704895512312506,-0.162769775698564,-1.5758748231664839,0.9789640456680846,46.264206746248874,1
798,49892,0.6882364420576965,-3.1047495057190146,3.142177910534731,-0.6446750008005986,1.2981472651225372,19.574884008345556,1
799,91501,1.7199021395287524,0.8688178405438531,1.519705608357266,-0.5234184944089513,0.9085560808243498,87.36058316241004,1
800,83391,3.0076085077692634,-0.49384234453928766,0.04396920003333249,-1.0569451251217816,1.2078323725138849,41.08386027724839,1
801,17920,1.0496795397281278,-1.326696213186364,0.05742230532942383,-1.97223375343664,1.3643698635465742,31.326150266692228,1
802,16702,1.7911361179239325,-1.10697146985848,3.0422455947562996,-2.547221666965256,0.994621044669358,37.47594554688922,1
803,1894,1.73629090951719,-3.1961278210999464,0.9378760245201416,-0.6569512301210477,1.7496119885162131,94.92053670623014,1
804,30985,-0.1738348248986601,0.3784696274615047,1.2158245872269462,-0.41039547590801223,-1.320421008935126,18.628405756360042,1
805,159359,-1.2231869047837747,-0.3589218472715883,0.27721187506452083,1.5655240292343404,-0.0657502610729878,21.081980287093685,0
806,125702,1.4070806692869728,0.07961883604640177,-2.2726695460140363,0.8474216771504216,-0.5353281859539227,52.169005338772,0
807,73527,1.5954209853880381,-1.957568955015212,0.5106677685726382,-1.2586386361010846,1.7567024802425557,37.62545993054911,1
808,146511,0.2011103468088573,1.1190764829877686,-0.3902745441886514,0.26739231407190295,0.3216978061960136,59.79357703643055,0
809,128676,-0.17285945148106396,-0.6485200996477983,-0.8782252493748102,-0.7530650979396304,2.797767016745977,8.417040654840639,1
810,42235,-0.4778166875908753,-0.9105758454658288,1.6522704434236226,0.9356783931474612,1.2715550949941588,11.036861489116509,0
811,158731,2.2651719657143863,0.45261674548617936,0.18367908092658036,-1.6369207037962799,0.7596249410946636,100.50587360168532,1
812,24976,-0.8701130260593595,-1.6019804375800197,0.44146272820478805,0.7591551603026468,-0.5765104007267194,14.871356992015796,0
813,82643,1.0678634110984526,-1.5237313027714219,-0.25857401525747425,-1.8797363212758484,-1.1217986399619475,19.326093529928357,1
814,107631,0.758151072759176,-0.8891136171715821,2.8045920932973774,-1.9081124582588693,1.8760407193559465,11.279687229553245,1
815,56697,1.615826629455343,-2.2168967103401673,2.46337651353834,-1.4051562356059975,1.8104184996855701,6.4965151709338285,1
816,70382,3.268226041505824,-2.397805478424297,2.3025765052252276,-0.6200856304535832,1.7378305352294807,267.89150665106337,1
817,16651,0.7661265370208108,0.7221550978081948,0.33293254459969956,-1.4038382974931867,0.4520386615500249,109.44284773983777,1
818,14633,1.0422530167685147,-1.6416668201303823,2.765351917623531,-1.6561698406617502,0.9355660740329935,369.2297530002703,1
819,79164,-1.589540730945531,-0.2523063192490767,-2.5238793266289568,-1.5839028234857233,0.7604146561442974,8.871434841729652,0
820,569,-0.5931064525345768,-1.3828171896129686,0.976271053725164,-1.1976796936146041,-0.2840305582225594,32.158213344257035,1
821,67509,0.6506300992735592,0.6891871301476635,0.5347214685617699,1.1096998419562232,0.40981865692851255,16.227889488773314,0
822,123425,0.5916492353206624,-0.40746969268223865,1.5096361186839937,-0.4430272407330739,0.9812784220561988,10.292348356155465,1
823,101126,-0.1902219251534627,-0.8422385607062305,0.002631681028933519,-2.2769249275319012,0.16062859254096373,26.231658066368436,1
824,127522,0.7050345196319269,-1.4975724983092138,2.249672018878747,-0.503423061469695,2.167651511187974,36.2454337326523,1
825,33038,0.48383451632250435,2.8930336639804968,0.24980002456790754,-1.0040545968420103,-0.09546424708907303,194.07654044401664,0
826,38138,1.2176132519336573,-1.97536602727825,2.403507931934759,-0.13529725466689013,0.347079162632698,24.93435269274723,1
827,159829,0.5980555580648229,-1.6332313967149772,0.2493867470480523,-1.3410068657828993,1.6556658387443146,129.23547455215547,1
828,110740,0.4408862469112039,-1.5684393655628517,0.22316771418478146,-0.14760258629866868,-0.46603650186824225,52.64291915163714,0
829,111174,0.3759552679160874,0.9426824183597224,0.3822489526806572,-1.2376624223272978,0.8691560643892732,10.092475171839292,0
830,49272,2.728747850540908,-1.0810459647217439,0.09155126745265041,-2.8858978777333375,-0.5720370730267915,16.329582694801612,1
831,137980,1.159587886979802,-0.1871306497895146,-0.1454112179322382,0.02538842054241018,-1.9196731561976563,111.99846174138665,0
832,141916,2.068772500590771,-2.1863364271098544,1.6878558881377352,-0.18026121529713135,-1.0113168916625042,22.684387733405476,1
833,51455,1.0980052833640679,-1.8424326301263263,1.8508727794013322,-0.14556897289437887,1.872056965739722,107.65495914591851,1
834,68447,0.9931056072631441,0.3764415552772252,-0.46702783908332235,-0.8275902206487197,0.08614388304637476,26.758796326786893,0
835,77108,-1.3694052811213717,0.7433601923799351,-0.7626237589458467,0.5705986685931593,-0.7632591565425169,26.823059931439037,0
836,171076,0.39362307088195014,-0.9243050599949065,1.7855897462984165,-0.9416485860101269,2.066370545669252,68.81666383565798,1
837,38333,0.9436593216275078,-1.5380477584901384,1.8978437798957666,-2.6593367716600573,0.945491476330752,49.44721316010251,1
838,121219,-0.5429475304866651,-1.6075687917795558,2.6681824295273264,0.647796418457866,1.8386400226789448,164.23904495129662,1
839,83029,1.9499002394237106,-0.7207321617834741,0.14908927031276809,-0.4814789952011256,-0.09169666344031047,40.41254485012543,1
840,39697,1.1172849761035069,-0.7569082723393012,2.0513062442994836,-0.27310207633420636,0.7091277804468202,65.6744837446117,1
841,17634,2.058014195302145,-1.8281962729652346,-0.9184878643886378,-0.6549362540406184,1.6931756882186773,174.0032652696357,1
842,125520,2.461519252535516,-1.6671890847775055,0.36703110087624113,0.2960699074773985,1.3253213083301105,20.33059021812879,1
843,24561,1.8089053562546318,-0.7379331909132745,-0.8495617177543671,-1.1508494300764747,-1.3183477600510813,39.22093952259743,1
844,149105,0.5083828079475525,-1.8417348684242907,-0.34717738252059693,-0.6819842479977986,-1.0016200098949155,33.268204165403446,0
845,55063,1.1420922501230912,-1.735116800724588,0.9140755190512293,-2.3993947621943112,3.1770864980533045,164.15668998339424,1
846,25921,-1.7142559898169412,-0.4767768142629668,-0.12032068994397571,-2.817338798122411,-1.932325924984141,190.49365849960063,1
847,19340,0.47153837831965717,-0.6804753292170446,2.753617268492285,-0.6601127671608726,1.8961182149111289,279.18004578677915,1
848,62781,0.7736320768114544,-0.7263811299815384,0.4555126463422483,-0.9186865114860944,-0.4173668136050844,12.668791583181344,0
849,14901,2.4208212988130478,-1.8767737812118448,2.8120402840178924,-2.5476365098282616,1.3347700645568912,36.10366799107976,1
850,10638,0.772597482413043,0.45602973431387567,0.8826909839455139,1.6654744444625766,1.0143700650181304,85.74776345916345,0
851,169668,-0.2736620068802363,-0.3468589412403921,-0.1327532702159984,-0.543424771133765,-0.7128457826771644,32.71561535577138,0
852,44324,1.190155191349617,-2.6885051880685,-0.020047422469872123,-0.12908875172312495,1.503790520277894,95.01718510812998,1
853,88356,0.7713454730834667,0.029440555927040535,0.7631048732148615,-1.6464343014589786,1.8256722095027218,329.09972585246527,1
854,32642,1.0783610761666378,-0.3511857163285334,-0.9181988834223072,-0.0033744574109520514,-0.17018462252492844,45.695902100827034,0
855,25378,1.058928589786765,0.4811914239693758,0.004201103951876062,-0.06259312789952241,-0.7539645888666763,14.476377589497865,0
856,50867,-1.3548566718657693,1.0231705839619145,-0.026682032811596118,-1.2899608997410539,-1.295078772063616,46.43847027679979,0
857,73686,0.01223476008247304,-1.397323252551362,1.6343648986363835,-0.7089063937440869,0.04846002022068119,475.8278208097119,1
858,42875,0.8796331732135756,0.5257963165821664,0.09438430157733602,-0.35316629281068834,0.33848384346169114,17.161526233562704,0
859,118171,-0.8476913898156673,0.28520944963390105,-3.0911359709007233,-0.18689615816198485,-1.6304732437151401,73.220525250124,0
860,100061,0.7242045559950988,-1.826111991714542,0.41298590030050275,-2.150555964342983,0.8241285493149767,131.81606830290886,1
861,64377,-1.5461878622380938,-0.7295108601924101,-1.5965292550900791,-0.6500239344068982,-0.08343796979036086,237.65561736043654,0
862,54691,0.6080505395041023,-0.1916485674217911,0.16912694124510733,-0.3431922754974105,0.6215718898560508,42.644259995857624,0
863,49063,1.5374381346841393,-0.25730165508679,-0.14282338131157488,0.058022734808395225,0.8484308822052846,95.71427636565609,0
864,91782,-0.5422216926352752,-1.5460417988167212,0.0078787996514329,-0.6646616521077091,1.8944473755089075,20.041056233160546,1
865,78343,1.7872461553359273,-0.380053241370043,0.13940450053537706,0.49968511030293383,0.4720022709192744,51.55902430247976,0
866,83071,0.4683682610914719,0.8904406851557827,1.1493083315202228,-0.031160324031103248,0.29177349255524077,49.67696205818936,1
867,136564,1.816394055253573,0.8021183203924835,-0.027963138716255248,-0.21220896990115168,-0.9519184600222356,15.058514397983316,0
868,121399,0.4053755061459599,-1.1340254949182045,-0.7013676439512136,0.31978193414253697,-1.5929937335316693,68.86620027668452,0
869,31357,0.11312835583864095,-0.2397310582741749,1.3469778843537328,0.19655477651157463,1.0318445394686349,12.234973407255662,0
870,32314,-0.21319636451339602,-0.5179188907476018,-0.33052462518025083,1.1797252083607102,0.1941076309533577,4.1714802620854465,0
871,70283,0.020540335492219564,0.4350873992222355,0.7526977110421571,0.6532754760425445,0.8217693409414822,26.78457429574529,1
872,59567,0.0024364966400080568,1.5757068133116194,-0.2500555870325267,0.12557645347154225,-0.1730718242838696,36.222708492461166,0
873,47006,-1.2036686011005304,0.3924559414830675,1.7722934080404023,-2.300476549163002,-0.5787771238462857,145.15694693137473,1
874,141758,0.37606451302800037,-1.719109451449186,3.149812095785926,-0.7993171810425174,1.6821300015314593,181.3196960474067,1
875,168521,0.5645901197712629,-1.041292687007283,1.6560220968422907,-1.3912847888018947,-0.9465730478044171,90.26812669894755,1
876,61606,2.303217572053658,0.4419424019526008,1.3189639158559752,-1.6418216318681522,-1.5353123317828885,63.86003454570786,1
877,18891,-0.21728845010037218,1.6093474401855798,2.19889812361925,-0.36283856043965906,-0.4455025214007718,68.80478143696664,0
878,101732,0.8948111545192482,0.046911794488139424,0.7647559181319734,-2.141064713301569,1.6436517755401732,439.67993841982343,1
879,167795,0.3184183791895517,1.8764373122752827,0.22692737376416264,-0.21910052880886424,0.8294055811834892,7.011656305982505,0
880,29877,0.4335409047822823,0.04753016361945611,0.6081086766885905,0.9567023167945841,-0.7859894605079495,177.54019962433205,0
881,14026,-0.22272302051903953,1.2490092258368892,-0.8043436905427592,-1.4084612963635597,-1.5566291735239037,64.36821285171001,0
882,20422,-0.5245141615276736,-0.4085897232397004,-0.6289777080640152,-1.0565576427602528,1.223083067095325,35.5035068774553,0
883,140316,-1.14964521969853,-0.7218598131253131,-1.1039573720814986,0.20726732939894396,0.06934433703625043,15.999085161204379,0
884,33481,0.5825799504882996,-0.04869112618354707,1.5073455760199925,0.49097495163825133,0.7348777860498175,31.014473375469503,0
885,89180,0.9522475817602907,0.32041400978383416,0.22556435166008193,-0.17239370243816898,0.6204925367034666,176.4004765795984,1
886,109384,0.5005691972309428,1.3486373494287152,-1.115821818978397,0.06167984984797165,0.42881650033057295,16.518109209574906,0
887,58031,-0.1892987302109903,-1.1956985311469015,2.1600897399086656,-0.8515229285246461,1.4030903686237468,4.53666129285052,1
888,139593,-0.27563782623777394,0.32200981464536144,2.4600845382687946,-0.09605989972464987,1.1492733262856758,18.007173381905304,0
889,132818,0.5005854598767124,-0.8383014732952471,1.2028585779323342,-0.6506580889401196,-0.5110568310660818,90.5557382562116,1
890,83127,1.8334337012963255,-1.2239571524501451,-0.3666523292344148,-0.42924442029866183,0.5885532697707198,24.797745518145735,0
891,92254,1.718871180440122,-0.5041949789724292,1.1016190313569412,-0.3852271092112091,2.504339108308596,68.6483016368526,1
892,68232,1.3580892253231844,-1.2775442563155517,2.391273839015879,-0.37821992574912916,2.210191908080897,112.33430862377767,1
893,143084,0.7463636124083172,0.7262265456356325,0.2126705411442289,-0.02820382276433886,1.2562527887060835,72.5119244610955,1
894,80224,-0.08851845308888584,1.3241127199860134,0.8475264621228579,-0.7728776678236091,0.4070522871245351,17.749926308258726,0
895,154529,1.5794053976051097,-0.309527313878487,1.3656169931725335,-0.14223682384962633,0.8304677137577307,83.54996734388475,1
896,29960,1.6736585451629578,0.06255148537230815,0.8528745472029389,1.6122782579886454,1.3149144535840473,75.64684637722914,0
897,87695,-0.3449373466767587,-1.5393050144632703,1.4863826538480611,0.037764221546589094,0.22076934680704496,23.40966646540026,1
898,130066,-1.4762463334664517,0.11940025070323913,-0.9330560570007587,0.9153902755601617,-0.5495402745955349,34.18329918161189,0
899,138982,0.01512450663032916,-0.0561797524953801,-0.3414974458707788,-0.061764199860128925,0.4794415180860639,16.222747937673702,0
900,2693,0.2015591471232817,0.6232566905280539,3.0913704184169046,-0.4070864894517837,2.4904035685736385,123.40862731563365,1
901,115313,1.3007910726448062,-0.9587125444125606,2.1371588986582433,-0.46556148515147855,2.378071898356444,82.80148848498672,1
902,146930,0.9275899833963128,0.23372427833619303,0.2949048189694913,-0.6115242389818971,0.2433106543725868,9.080302455468976,1
903,28810,-0.7276751409259581,1.4657078408647006,-0.9661748482145008,0.9694572005267368,0.42719436187168486,37.25054291272018,0
904,20092,-0.15322804932727518,0.8963874474567153,0.8553052085705107,0.08840688629184736,1.4775300810552618,54.855698498502775,0
905,58105,-0.5984679817910372,0.22818115736912825,-0.10911899664420355,1.085895565831578,0.4746982328799528,67.2472512047799,0
906,161577,1.6715423804182057,-2.83114487833835,-0.12844383126576253,-2.875588009078533,0.813930307209107,23.178564466756917,1
907,28555,2.8163000427219167,-2.3927354721669962,1.0654493760460366,-2.4167133749480145,0.6706176681445328,52.508784563662765,1
908,71934,-0.5254105299789551,3.1490944253087254,1.1446795807367867,-1.3510743662080213,-1.3224579567435701,19.308829519297745,0
909,72788,0.013006611694255321,0.057814180820796146,0.5108878672188731,-1.735596298762426,0.7220821241956019,68.1894496590257,1
910,77257,-1.938231233324972,-1.9207001526350662,-0.7068651778571754,0.45768658605355206,-2.7475048427252347,55.63993877906055,0
911,17939,1.4016529051292546,-2.0299722747769358,1.1460792216331515,-1.8736886589177526,0.9810825429008238,22.107827034161893,1
912,142897,3.5436540528126246,-0.12925335541159677,2.04881309647162,-0.6693099755356178,0.7584742466330517,22.806347801247725,1
913,155223,0.7363236696740321,0.2380034781682003,0.0200313267182613,0.6135179727304166,-1.0227925651984056,47.6387150067451,0
914,128068,2.3717179147161596,-2.176173336554781,1.5875602970867186,0.3818910929599615,1.3809080927488955,75.30851514438675,1
915,36,0.5634872153310595,0.4942241290134937,-0.334407800316322,-0.7837656655863965,-0.6905410523162594,19.703311339217404,0
916,93948,-0.18712538376469606,-0.39239392423886915,-0.963990769679816,0.04852162794482699,-0.8309501164110378,29.240716215213247,0
917,83707,-0.29403779328975066,0.25514578837490376,0.6023274765709608,-2.0681368049753126,0.7317408655124584,15.236526181988843,1
918,39051,1.705735432472799,-1.0867011361482086,2.3576190563593604,-0.3939438775719191,0.6650757284790254,38.04194771138531,1
919,80738,1.7136144642310962,-0.9652862512474382,-0.8685042134380536,-0.14502441577831027,1.71079864559171,39.13978996160729,1
920,73596,0.6686733088729011,-0.19333881232736067,-0.07125517706518252,1.2784518626072987,0.19109906801990334,27.174942061303174,0
921,60071,1.388748619704186,2.084586305934609,1.443243528272189,-0.4888494217862741,-1.1196174332890112,14.238612494839726,0
922,130613,1.546085192497629,-1.8733902324081495,-0.44268759408034875,-0.37144086599579146,-1.4075116947178212,69.42801225641992,0
923,73601,0.18552027329258602,-2.340072071123935,1.532216690759254,-1.481380235069574,1.867826024025204,211.7577221494562,1
924,29873,1.5308513046155778,0.4510014381313361,1.9794170411374032,-1.8773760769847583,2.276496450019538,161.20729024374975,1
925,167720,1.3715431522348858,0.39063559126502434,0.8413105807674833,-1.0325239035275395,0.39792704994680894,61.40223984196678,0
926,71468,0.09414056911965962,-0.546578346540239,-0.27677416311578207,-1.5486182988637467,-0.4911537471421047,20.54809310031771,0
927,26470,0.006033052335817746,0.1284007481419332,-1.6178737466808095,-0.3570292008066094,0.8903831635197862,40.515443954323906,0
928,8328,1.4172958315881277,0.5427253463777042,0.3567532191537839,0.5697672802322039,0.44770856001731496,79.18449357679553,0
929,137405,-0.3619821777966091,0.6258872061930358,-0.08085222258424794,-0.6414869090443096,0.487872284871074,19.938407614164497,0
930,121173,1.9451508642848174,-0.8658335840041564,1.528342050660725,-1.511462194083705,0.5155431210229084,242.0424462075733,1
931,46638,0.8001009378688628,-0.730705247419266,1.055106969877463,-0.6174989694007866,0.22988479954576713,12.007478821939332,1
932,11268,1.6213040322730121,1.6196030045136371,-0.7004235657387051,-1.8665399513606162,1.0075136898369221,40.80664531936069,0
933,113920,2.193782214530439,0.3739143852114495,0.24761323392589651,-0.3246343893079898,1.532454216642301,175.9497968533515,1
934,110379,0.058742345381457534,0.8725737012027313,1.7998819348952155,-0.13263374638257355,-0.9745293046706415,29.86649258533554,0
935,148117,-0.1080753730215514,-1.838124535177854,-1.1080863109174042,-1.8707919210258557,-0.35151348404130867,5.918291325632041,0
936,171813,-0.016072856027049776,0.8157711497711415,1.1038844371688161,-0.13944627568099954,-0.4501892648514116,33.74740270503936,0
937,7887,0.33650639503506596,-1.031203488939084,1.1180168720444468,-0.3273696541565944,-0.4668583632808264,26.926405763219005,1
938,24918,-0.06952692883335859,0.06852740432833221,0.7260471714415063,-0.43676423723821745,-1.6065771007386793,179.2091850872091,0
939,35497,-1.3624919880356743,1.2325462043416573,1.0267051368275832,-1.0909664302151982,-0.4108142879545848,33.421845896073286,0
940,93562,1.8307508323436974,1.4187618516973166,-0.313442870930208,1.490726136849952,0.14866745720211155,69.39772902502773,0
941,11929,0.8692251039769472,-1.5101608136502174,1.2494560896633096,-0.02924979038121267,3.281713531732546,110.61756740982746,1
942,102201,0.38745422987801414,1.1052974294583122,1.1348879470894087,-2.1755108895687427,2.268079350488601,89.67564242906639,1
943,116566,-0.37088145712591225,0.3555729357103481,0.4891423601949343,-0.2955167436169831,-0.6630343065712535,26.906667145624986,1
944,28546,-0.6207602778020163,-1.7057734830953653,-0.2919583809517312,0.9041020780591178,0.7848903060767609,167.64654364893119,1
945,168410,-0.41883238760873037,0.9450053128772811,-0.2946972961166817,-0.06418817710849775,0.09175248444837286,16.764848266135946,0
946,165355,1.1297796384823835,-3.5222779174879504,0.9480326176839612,0.2601438186712699,0.006253980916285706,40.35920158748763,1
947,82494,1.7027448074908147,-3.4932708203300775,0.13433519647679204,0.8291663649009451,0.318217966607946,95.25458263792748,1
948,46566,1.1891328629650277,-0.862647520592964,4.018173555060093,-0.9841458156832021,-0.23017872948468343,11.637937237305628,1
949,85464,0.20946671769583922,0.5319803305690145,0.0904996797790664,0.7094518171390395,-0.43548637056984335,72.18120365040228,0
950,128279,0.99747577293517,-1.528297046662979,2.136087651046256,-2.2229749252616733,-0.07012426037964359,315.74441456345653,1
951,81991,1.9396754681178336,1.5719953174949688,-1.1494324542007637,-0.1912644108755831,0.3428694274277688,19.60866203388019,1
952,92680,0.2061373251651466,-0.5798084571050084,0.24350176259080114,-0.7023296232516647,-0.3644984069549656,49.73023713177478,1
953,28013,-0.5811584144656334,-3.230468019124459,1.3266842484945973,-1.3615577463306254,0.34691018308586774,16.49754123222439,1
954,52132,-0.35135689379182905,-0.32861668174975683,0.4863640187550933,1.2382830714336357,0.02127157673606165,8.470906246314271,0
955,159156,0.6817473611387975,0.32527609043703753,1.9271154285657681,-0.6420256877485484,-0.3719190011127228,6.344678660691562,1
956,107855,2.877377087805489,-1.8051717517428763,2.17684814465768,-2.969677417725702,-0.2941894010922893,84.54747298152346,1
957,152215,-0.6096834169818337,-0.7365063747895959,-0.7677795564688862,0.29219272832637316,-0.1873290184063747,26.466176635954444,0
958,91627,2.046882103884914,-1.1152242325521975,0.7150571115899189,-0.25909148143901006,1.7761691671912327,92.03257090161318,1
959,122772,0.6685454486407849,-2.567859425365456,1.44670997760492,1.7115565515844235,-0.9400777445057528,49.717839445367005,1
960,145251,0.7296182191325858,0.40768768716311116,0.17157883719537345,-1.2767485758203094,-1.0810565404082624,44.617987650308166,0
961,141294,-0.3373077470287948,0.6583867035514843,-2.187027018602069,-0.5846177306571996,-0.031058932870901952,145.5429078065044,0
962,64068,-0.1885425538312111,-2.60027110450371,-0.11728269222047927,-0.6405374931958708,0.007212484508115957,74.99738612408987,1
963,155021,0.5589187334616446,-0.34094565608658034,2.1268946182579143,-0.20042245875464426,2.518787639660868,59.061367455833796,1
964,16116,2.1578396311082675,-1.7908817916945654,1.134008096228147,-2.165021795426635,1.6014947819247145,26.228426483563208,1
965,51369,1.939964529371393,0.9421274910718922,-0.024566361098407208,-1.6019658118971685,-0.24606248812994858,223.61829928516346,0
966,103100,2.176795812558066,-0.5737891991035731,-1.3446547033114171,-1.7787202489042786,1.496044311489183,27.02605307766276,0
967,29655,-0.2827586576115821,-2.238817158276429,-0.23427916218630415,1.42274813609994,0.9262154022415924,68.8657303882173,0
968,47632,-0.5484286341908147,0.7731278132412001,-1.8858664919341113,-0.3596296724524624,0.3011073391917421,11.26735826799336,0
969,145265,-0.36809045364304877,1.1920423495365229,-0.2749597566954086,-0.7557451594928447,0.5365098435704035,13.774051510350898,0
970,161848,1.2648516330974575,1.8155828235482316,-1.3343488718799221,-0.5924642591528942,-0.02640575695892703,39.612856553680885,0
971,18895,-0.10284476352474536,-0.547932161740329,0.7440259156141673,-0.7708094960644326,1.5979740301300975,425.3753792988016,1
972,152281,-1.4607627591558177,0.9533416211045325,0.2811583848827778,1.2897527540827456,0.6731813512699584,71.57593505524743,0
973,23086,0.8142547560178348,0.7720574417141441,-0.16219101699931102,1.1243533598705027,-0.3340772309799405,37.915287991137454,0
974,85637,-0.03451199842239605,-2.0319662838471793,0.6597407956135997,0.4880757248523775,0.9145089992626542,157.80671555249663,1
975,158279,-0.10810083916022062,-0.7958153947902291,0.5511362418236571,0.8584511166566653,-0.2346205699574138,104.5754833865471,0
976,107334,2.047363197915558,1.1321915642603848,-0.336555287218946,1.1356201471829441,-1.1062935124116342,125.45532574010275,0
977,151969,0.5658782296520485,-0.23671973604059549,-0.16613261462582246,2.0997217891665154,-0.24702570074599667,20.98380903810492,0
978,63083,1.7309756619640906,-3.1782113197314303,0.5705330364929918,-1.361842099351699,1.3793609534294222,104.21848759583668,1
979,95028,-0.3947131310890582,-0.20928243811310399,-0.6240883979345925,0.152354872033722,-0.8224199323822006,54.18410734621949,0
980,66957,-0.3978721344948377,-1.6300249795338944,1.831955502509846,-0.9969218079968896,0.4354189218843817,86.13399759016353,1
981,97551,-0.6913923494563072,-1.9533901136037148,-0.7389617476895022,-1.3230897934074983,1.642015160136369,8.202204109888804,0
982,78506,2.2059245117964164,-2.1274960989530385,2.2279089932535694,-0.6455063344047489,0.5634474101218266,27.259433122430707,1
983,138355,2.094910556026825,-2.6320148850264173,0.19505216706193385,-2.6070413949318163,0.6251546993302077,16.522221565808643,1
984,94024,0.018899707114045095,1.9976865268495225,0.5408428612670099,-0.5711789897827968,0.5725827813561586,26.81259071419112,0
985,81481,-0.7293715081820715,-1.1526702858435345,-1.6223591862178912,1.1126883749899252,-0.6292633936927887,122.24524684865803,0
986,255,-0.20205422435261117,-0.8212328171307133,0.6083564472993533,0.24380071377119883,-0.5640786307367284,44.51721635321771,0
987,15487,0.8950294658355646,-0.3574230531083212,-0.512997822143434,-0.9266983088473107,-0.03143917037477642,20.12002575273116,0
988,19346,0.12414559556792881,1.8614701657280182,-0.07911351170403821,0.23070090571868349,-1.2601647651725802,32.75245445414604,0
989,35050,1.0942646796218272,-1.0542894231692495,0.19355793216662928,-1.356581804623405,0.46642998243352635,24.93463198270224,0
990,8744,-1.4038715868267189,-0.7244659881295543,1.4628887685081977,-0.2739930818293042,-0.24338397937501807,57.55551901445541,0
991,155828,-0.7399059271255308,0.8127739050625697,-1.1534155631736562,-0.6237689606958051,1.9140313538667861,14.607736573858851,0
992,61596,1.7720062783004729,-1.7047284356108838,-0.43758479644917525,-0.9449045790814313,0.45405628613883986,80.55810532695816,1
993,156218,1.056988616645352,-0.7221653241776254,0.7696059201056602,1.355637858804951,0.41343490322370086,123.85157737529042,0
994,119640,0.24122154381322514,-2.3525086894407226,-0.4835883897875799,-0.3870010878622025,0.6859323022721386,65.70503355780657,1
995,55032,-0.2707462937494763,-0.6323555731042287,0.3714155563864041,-0.5522230442809712,0.6329318177555108,132.18902552905962,0
996,42687,0.04262346257665489,-1.4685840738775895,0.2992231226052793,0.647195939702741,-0.483186462299374,180.83179885019803,0
997,153048,-0.34622730984380307,1.975310892609512,-1.2936368317564801,0.9191541736100015,1.0005823180429783,121.16411635982088,0
998,62863,0.9913316287795342,-1.3126684457323572,1.957898825291343,-0.24643046893220677,0.6426999993822105,17.230267864045736,1
999,131663,-1.662625691672579,0.5496500472996937,-1.6648027713620552,0.0953441994413082,-0.2634482160822491,35.399061283674015,0
1000,6277,1.6173940656343258,0.39759960469239963,1.9752608726252654,-0.6891878180895679,1.7359638031652493,24.32627240236215,0
