Point,X,Y
P1,27.235213688550548,29.308678494144075
P2,27.914598421453118,37.61514928204013
P3,23.94630981374499,28.8293152152541
P4,32.10645766978326,33.837173645764544
P5,22.887365263292715,32.712800217929825
P6,22.91462038234392,27.671351232148716
P7,26.088830222047154,20.43359877671101
P8,17.237869753691353,27.188562353795135
P9,20.442259958495093,31.571236662976368
P10,20.91389166015455,22.938481493323543
P11,31.595419460146992,28.871118497567323
P12,25.303876921095657,22.87625906893272
P13,22.550277739636677,30.55461294854933
P14,19.820528901599637,31.87849009172836
P15,22.297125895365376,28.541531251033618
P16,22.292320244967712,39.26139092254469
P17,24.939262488679297,24.711445355220498
P18,28.70145210446435,23.895781750144888
P19,25.939886177521398,20.201649380601122
P20,19.02316277995706,30.984306179345616
P21,28.323099609979348,30.85684140594985
P22,24.47958272925292,28.494481522053555
P23,18.346651043346576,26.400778958026457
P24,22.927125530680957,35.285611131094576
P25,26.546282303058078,21.18479922318633
P26,26.458377862276578,28.074588597918417
P27,21.953850998623185,33.058381444204336
P28,29.63949785123178,34.65640059558099
P29,21.223521145498125,28.453938120743928
P30,26.49068544131604,34.877725635611796
P31,22.843715929696195,29.071705116680914
P32,20.02149261697287,24.018966879596647
P33,28.656366200773892,36.78120014285412
P34,24.675954452888497,35.01766448946012
P35,26.627362112714355,26.77440122697438
P36,26.626280224787862,37.690182832329846
P37,24.838782824005218,37.82321827907003
P38,13.21114703159615,34.10951252187612
P39,25.391711807071772,28.504963247670663
P40,25.41292349440976,20.062155426995538
P41,24.011476504731196,31.78556285755873
P42,31.650523201336824,27.40864890863176
P43,21.361778786980658,27.491214782077318
P44,29.119309529659333,31.643755548298422
P45,22.616079083048326,32.56633716556678
P46,25.436848972066183,34.84322495266444
P47,21.840761077551914,28.361689267011158
P48,23.23551331090529,22.682425259339407
P49,26.33254124679059,31.305276360899448
P50,25.023010554891073,28.827064333124266
P51,18.630831660773136,27.896773386173205
P52,23.457784675629537,25.988613653891903
P53,24.274214297502958,32.02025428407269
P54,33.48783655544739,30.872889064159196
P55,26.15897675825244,29.627770421169163
P56,16.365529531154316,29.867430622753915
P57,25.27103594473462,42.316210562426434
P58,24.13437565848495,31.507736711668063
P59,24.843797036326404,24.15660981190234
P60,30.142702665317593,33.75966516343387
P61,28.55964376169371,25.453062726026303
P62,31.312574399212444,22.990744686038596
P63,27.640856922101214,40.952278129049894
P64,20.5425865369119,27.16851135198614
P65,25.448431142894385,27.482621729419005
P66,18.022014560202404,30.342814874030136
P67,20.21963328823253,32.36796215317591
P68,20.862590945947886,37.7496720250877
P69,21.475360184486934,28.38969241897162
P70,28.660827478163515,23.845678417830225
P71,26.023569705718582,36.53571377141214
P72,17.766325444474475,30.92316929266152
P73,26.169472574117904,33.909114358886555
P74,19.43372180104863,23.397716934578618
P75,27.34873704527604,31.48492336616593
P76,26.127217826556446,31.732241047484877
P77,21.939888752896792,31.161268485805017
P78,26.318826129844066,26.42824290986816
P79,33.3959853001514,32.36916460455894
P80,19.63913426258808,33.28276804316915
P81,20.613932483977052,33.93542301871226
P82,30.213680105533317,25.89658840824145
P83,29.335192581599447,32.063904634682494
P84,28.699270719975203,39.48396491326974
P85,23.895753477987082,26.23131917821255
P86,20.997185066685145,25.920948575172808
P87,24.653042307636532,31.70575987408322
P88,26.245108596985087,34.13591624518012
P89,25.058508513450583,37.26767038578659
P90,23.8090442504292,43.600845832948096
P91,27.81550306494253,25.714212217918586
P92,20.180983758724995,32.41236207621593
P93,23.99441746603367,33.57000247046046
P94,27.12956931058095,29.635855436715637
P95,21.18942826869218,22.425763876570677
P96,22.990682715698405,34.28199397161736
P97,25.963421848585917,23.771306106440058
P98,25.77931416633032,31.926586898644185
P99,21.022641537094902,30.76862552972764
P100,25.261939233007,24.285148510846884
P101,26.610043121567276,32.803922631841175
P102,29.873730594288745,35.26901026017451
P103,18.80048784419309,25.310874800424386
P104,27.31765870243897,32.56892975456105
P105,27.317714588377214,49.26365745327361
P106,27.569007298119253,35.677828200902994
P107,29.29300793571941,33.25695625652899
P108,23.581288399118446,33.79484610246634
P109,21.522286534580928,28.815906966299956
P110,22.815864034769035,30.409370696931614
P111,35.41596355003079,20.66367403704126
P112,28.08817085668531,21.936420644051744
P113,22.876306603947548,35.44475298483683
P114,25.289260085929584,24.61127611035347
P115,21.781133308330144,33.39798874467338
P116,21.713350157272885,31.082292947909874
P117,25.205073279567163,26.741998261970913
P118,34.647748401963966,33.169595111590056
P119,15.886858360040767,30.93227157384714
P120,22.021960908542255,34.26216667398112
P121,21.43365667705285,29.426317792665504
P122,27.272442755412058,34.32877597085061
P123,19.598666168249007,28.327493820795258
P124,22.8627460997757,26.73335383713144
P125,32.94454408126494,32.024908554804774
P126,19.326022205492297,34.58930973527388
P127,34.54970288655685,35.16232630275574
P128,18.16283515320694,27.578829635668743
P129,30.701100171339803,26.461652671906094
P130,26.997187426658027,33.87317026714668
P131,20.828812877898628,29.702373219691
P132,10.414296969689174,24.878061793328552
P133,23.863443318730777,23.761084090175753
P134,32.345850867692356,22.849293110196836
P135,23.019799809863574,30.653702886430455
P136,31.48572980079752,22.8206892441028
P137,30.234236884697317,30.051165305097935
P138,20.58321107028422,32.31051737131635
P139,25.895768630080614,26.998915614206027
P140,25.314109382455086,28.0734320156912
P141,25.510828053630615,33.31065337260523
P142,32.137075672654085,23.810922505865754
P143,34.598650185953204,20.23956100238749
P144,24.316967072339875,32.94158603242288
P145,26.264463404807646,26.88650240089703
P146,24.063449873392262,27.534995326705836
P147,22.34785859375105,34.24801048510513
P148,26.606569686842715,26.535452023696728
P149,29.04819943944963,31.536497604383047
P150,28.65787953477532,33.14814420961806
P151,21.269522450850676,27.199094799015153
P152,28.362821223054677,33.05185132716733
P153,24.905942827161333,30.58663691654391
P154,30.74949203104791,27.04214305582085
P155,27.46193821526517,28.98903673783053
P156,24.02043458547751,35.49388425993595
P157,28.714373570446135,34.06754818000319
P158,30.87465463219448,30.105019208163796
P159,28.06878837082734,28.44866621703272
P160,26.458748586197988,29.349284728161578
P161,25.43648184246723,32.975785127184565
P162,21.318006925449374,40.4619363784273
P163,20.47292178325134,23.92905693606134
P164,30.211498930750306,33.95831346981468
P165,27.808539176734698,33.1417275463214
P166,24.944889522188884,25.51372814257084
P167,25.341120511871768,26.61419144243944
P168,29.38803880037988,29.264713092489306
P169,21.285262614433698,28.393070791735035
P170,26.85819154424031,27.181377235980126
P171,21.30000821995106,31.218436057459563
P172,26.10234956998925,27.46528412314435
P173,22.880327624717548,31.16024968678818
P174,18.483620463262042,22.962681128117225
P175,21.767001004364037,28.932764241440765
P176,26.39908404519102,37.37678108474776
P177,28.859468304409088,29.200307350182864
P178,24.914427064437902,24.987353176810956
P179,24.916690888034246,28.55670680539931
P180,26.452233521521404,25.863845282238387
P181,27.337059314085273,37.66369456501289
P182,24.51057933194414,32.00855861049471
P183,28.105647962700004,27.993897640570818
P184,26.008416168146876,30.062962003908975
P185,25.439542443469744,26.13495108072267
P186,25.110295784165242,32.48999145622725
P187,31.530146235077687,34.79635413042603
P188,34.689321058802,26.163262185559752
P189,28.925442865243053,30.91671002869176
P190,34.85411319947953,25.958508573224243
P191,21.221251710186507,27.00303677277989
P192,15.442469240605869,27.371224891596196
P193,21.58390302300836,30.75196893238104
P194,26.53790189099722,39.38085419607943
P195,29.276907271837224,27.115481721687985
P196,20.95713397893239,32.45959585753253
P197,19.05895056840711,39.157293829271765
P198,30.30748054324579,27.654121739476476
P199,17.290894619091052,36.76936187082706
P200,24.48457069636322,36.18908155986731
P201,17.82507553542535,27.003124885231134
P202,25.023596648731825,30.23490296882371
P203,22.974705378343405,33.114249661737496
P204,20.195708067778327,29.288102574893532
P205,25.541330342703546,32.57219417029374
P206,28.202266951400006,24.376789540810655
P207,18.0964862316897,36.38838410949255
P208,26.495413053908162,26.25756731721723
P209,31.980183889851354,30.578373171464293
P210,30.30683732828722,30.337592407050543
P211,34.27336566196894,38.77670421221602
P212,23.87966133184417,34.85785475477178
P213,27.904191773133164,36.843157787661745
P214,20.65784442738953,33.4302572999922
P215,29.762910190823145,21.20630256788443
P216,19.675336693004013,19.803839111199498
P217,23.78766924499949,33.58771127897981
P218,31.760606734432127,30.370473902098876
P219,32.32876995507081,23.099492708925542
P220,17.334779022901806,29.722261505516904
P221,26.728294520226882,29.836526259529535
P222,15.696510549820555,29.55439980243606
P223,19.12988724772816,33.348362744150194
P224,26.64969210743582,25.300601068363225
P225,22.68759887198488,24.70393239055524
P226,24.71794406227073,34.77571160250619
P227,20.564232791490053,32.52023257758922
P228,22.613840717324017,26.03563583868828
P229,24.51836338020449,24.82378838790313
P230,22.50857812593768,24.010610537055758
P231,33.841263098123754,30.176317759858645
P232,21.851235214033366,31.06989955367111
P233,24.494523776391265,28.895152002333884
P234,27.763750150195413,33.787538550236526
P235,22.612744835752626,27.1209087967766
P236,23.762267362817603,18.490394176322077
P237,18.181640220106516,36.83437133722262
P238,32.40235471075577,28.75481980221811
P239,27.59450633375095,31.556250772717682
P240,38.854963638048574,35.59787455717289
P241,24.42437083833655,25.22229779699787
P242,17.770991558840926,31.017318179336115
P243,21.596421646220634,22.88873145201163
P244,22.09042202090863,24.592259981928024
P245,32.592137357826545,34.408198784747256
P246,24.96412311407522,37.39972069445013
P247,25.348157384414282,25.69357899335868
P248,31.85405834771346,32.694550218423295
P249,20.332392305530945,29.04830660958196
P250,21.059717859768593,23.086001345178317
P251,29.167798963892388,39.54708320235065
P252,18.706445917813866,32.81484618345286
P253,22.07210843895178,27.56437308117652
P254,22.33422734092509,25.68004615160092
P255,25.218347325751722,25.84524941794481
P256,26.217055716009273,29.748809452754315
P257,23.924733789101158,25.46218168979201
P258,22.404529012442502,33.77695612912878
P259,27.254127344309715,25.112223776007244
P260,25.446995374431516,33.75693561685895
P261,17.487676234953828,32.71680096189967
P262,22.01819308474369,32.852993342965796
P263,21.565333795558672,20.975589496677404
P264,17.676059029525767,30.24042473330691
P265,26.168751257746667,25.478416874477958
P266,27.87366606449818,21.6923996886552
P267,24.702640906087076,23.944919001187717
P268,22.066737514890285,30.23699335658207
P269,21.128139856222212,28.077222278850872
P270,29.52831764146498,27.115540652384254
P271,28.760614504293137,24.351465726711908
P272,27.384118800618772,37.207843103289505
P273,13.877599749427198,26.015523722647615
P274,27.59682457231243,28.984773069785035
P275,26.67015643017089,26.980074066420897
P276,25.38965404362805,29.221613823039604
P277,30.25501927746913,31.272104216506065
P278,26.519211979338408,27.940615169387662
P279,22.80577199167378,27.837209060901895
P280,26.775034640702337,27.895077595898684
P281,26.30398685603386,40.37700399322719
P282,28.920061165442615,28.369882339160796
P283,30.40546264973775,27.959623134892244
P284,15.828439591699658,24.95956844541298
P285,16.58143635538365,28.24243257979346
P286,25.082882706352983,38.382186561376415
P287,26.47117318193873,28.90449735595568
P288,28.7323251153257,18.944323454960575
P289,26.060265511488545,33.85432596943483
P290,18.346361893990714,35.71877021603464
P291,26.523233833724863,27.923560430495993
P292,27.847518397478282,41.35346428902198
P293,25.81839814776323,31.24110293150168
P294,22.9328759520689,25.75077815267604
P295,28.736511174449106,25.719580870455665
P296,25.322048067487266,27.611712766174417
P297,27.155409215858764,31.66831052643474
P298,29.668929749160547,27.449918005726264
P299,23.785562791179828,25.106181421088465
P300,23.0006803296575,31.88650246522426
P301,28.406448774904085,25.389173379111874
P302,28.91322664047547,36.778189294024756
P303,26.860457064506654,39.38397906279033
P304,21.517948604033922,23.776726483442914
P305,16.995758879930747,37.480221557445915
P306,27.94464545359326,29.722076645447725
P307,26.25985881843919,24.372554763508116
P308,36.00588390827572,30.646105909876137
P309,25.492276575722016,33.62883311949346
P310,27.164541542815208,31.119420121395656
P311,21.442864950496094,32.35734178567998
P312,33.46911023413765,36.72710023077489
P313,32.16933981987729,27.443921617844076
P314,20.546778308836387,29.37106539950176
P315,25.250762105299124,35.47095759235474
P316,17.383909166283313,37.64775159730307
P317,24.28896445639455,27.8655946502629
P318,20.445530311329247,21.725716640671152
P319,28.704267627828614,30.36658983594202
P320,19.195175951165258,23.52460613968192
P321,23.48896885319442,38.34510762644696
P322,23.831838918863777,22.48428523440947
P323,23.89415621161325,28.636382151261646
P324,12.864010106762928,29.72852566741094
P325,23.960794614060948,33.48103182406709
P326,33.32030242725405,35.632825147738785
P327,23.79000089250326,24.467370456291647
P328,36.580119114624374,30.29609217007244
P329,25.062681813608258,29.879374564449982
P330,25.891381423455346,29.278197940380288
P331,22.418520969038937,27.26570529379804
P332,24.852610284028007,27.282876144331176
P333,21.79219397795276,30.532151138459483
P334,23.85260252160615,37.51996494291345
P335,13.070635862231446,35.45753425961231
P336,30.607383366239333,19.63304883795925
P337,23.45790582663843,28.142795670021044
P338,18.666197373769805,26.110916562045624
P339,20.002408695403773,38.761352217118116
P340,29.210552769163577,36.35777547497079
P341,28.24752428819456,24.354741143913856
P342,22.639658801741017,32.44687280613959
P343,19.500424859986246,33.56499215086194
P344,23.918535708288392,28.125895962252013
P345,28.19931985691571,32.2213165574302
P346,23.375652253814142,35.79664901682124
P347,20.135215025800463,33.07967803472132
P348,27.668955660857726,28.452267803430047
P349,26.46759860008953,23.744432118073483
P350,29.158121586431054,29.075489317785056
P351,22.64774640766432,35.245046129184445
P352,21.830453392557583,22.957693518182204
P353,17.995168719142434,33.0300497567282
P354,19.238067913766727,38.77397090992182
P355,15.631317664523252,38.48228184145019
P356,25.949578602411783,29.516434440648037
P357,22.547864109359725,31.995680571760353
P358,24.830643839088182,35.516509410082605
P359,25.51402441897918,30.75150880730939
P360,23.36374504503765,29.715271881394663
P361,26.385107960014267,21.449158036716874
P362,18.93316560052429,33.71632047011357
P363,25.768894471575738,29.080083318236603
P364,25.08295269879427,31.737908526808354
P365,22.571081438607873,26.108476372988438
P366,25.881303647939568,25.10813611192484
P367,26.83713740071512,21.4870819788108
P368,29.6312003679654,32.362987412065216
P369,26.15213380441244,34.91345491972757
P370,32.494635000081594,35.07185032509065
P371,16.716065959007594,23.602115166321493
P372,22.188316400369445,30.13045525105417
P373,27.329465592111053,26.371280934232672
P374,25.840450440146853,26.22308533823339
P375,22.248169886536232,22.96669451575889
P376,20.84545039250093,23.24157697191833
P377,20.608570361602002,35.2682089830392
P378,20.727705000256258,43.161910324186955
P379,27.219930553964,30.92418061847437
P380,21.137389989184538,33.501549397044954
P381,22.40962978193002,30.610049073226808
P382,36.52038042220958,29.51970050137675
P383,30.17172996828554,26.48411787437056
P384,24.842551792763672,38.85400317817755
P385,22.178648239955045,39.062242789984644
P386,28.184883709549638,27.18766612052866
P387,27.845834825749844,34.86277224813365
P388,27.798144829977385,22.148876400547717
P389,21.72788270878809,28.762406822242475
P390,24.665049569049792,33.10336048775339
P391,25.79965450419964,23.323278206449494
P392,26.710890329526833,33.05292872641912
P393,27.51905701568968,35.40390362777311
P394,28.75264969547007,32.29590039614219
P395,24.684254298436088,21.69519533242004
P396,26.933281986096638,31.038438435815557
P397,26.22210476737918,23.616257120898453
P398,20.13524556816282,35.26576426666452
P399,24.82200180764505,33.40750348686312
P400,25.127432692587075,30.148780697478728
P401,29.22227712689199,27.41977635891313
P402,25.432543496234427,27.688623556474788
P403,23.04476697655458,28.454139382656802
P404,25.99960197235171,27.606256891682612
P405,30.650902565080845,25.52696348890248
P406,24.159077601273886,27.801344708629124
P407,31.5114004795918,30.982773882557872
P408,29.643300427608857,22.57219813481514
P409,26.201726196411666,34.44815397811718
P410,25.37027795173941,35.32740187532676
P411,22.672201974548326,37.0467372009279
P412,35.345041556286624,28.185807197801704
P413,22.995238653696525,37.2669223855885
P414,32.10807465578821,27.385699864233658
P415,23.109159323068642,28.591076955697464
P416,18.949972700345754,25.40674026757901
P417,20.481366549615693,26.161012174479357
P418,24.843918006759484,31.171073662682602
P419,31.977252217663345,25.008229796306047
P420,29.429450793144625,28.930055778872454
P421,24.777413306564053,33.37409746083302
P422,19.947750902969656,31.912048730920255
P423,25.749034936958754,32.462256320040744
P424,26.301258897585182,42.276500699554475
P425,22.130170070869077,27.345015224990913
P426,22.19586763108856,27.222614404198726
P427,22.13175792712067,35.94508265553776
P428,31.39226911595435,27.14626853125262
P429,21.25439992103097,32.35707778193202
P430,22.51499630073563,33.164659088777555
P431,25.91315359383085,22.42127942501384
P432,31.96377340598528,38.97938836547761
P433,22.242450892820262,28.061492200320078
P434,26.28639425826207,31.672283949935125
P435,27.963449227027738,40.05102269383175
P436,24.20373747627678,26.00851377730773
P437,18.793063473934627,26.345349800290403
P438,24.85092862206791,38.97278931758894
P439,22.67074915433723,31.118939758194493
P440,24.926096967672617,35.94196636724042
P441,36.3711959164313,27.345656135398396
P442,22.797522508668,35.22080438534536
P443,28.0685117033184,39.23353662868017
P444,27.627676833966838,28.203539546064704
P445,27.657946738115392,35.54351790291454
P446,28.692169815388137,32.53637015553649
P447,29.800036103151193,35.84647795222836
P448,31.219715459668873,33.24354943794821
P449,24.247968638574154,30.733568432166614
P450,30.429290349287605,25.91532164506382
P451,26.659029889928057,28.033305938363196
P452,25.12935170320668,36.39225931303649
P453,25.859945806089566,30.232182740780743
P454,18.880647365590363,33.731267830136105
P455,27.90467881513484,40.8162736165273
P456,23.614997942711497,31.095751638319694
P457,26.1222265766984,37.887266398817374
P458,24.571170104258716,31.395107628851697
P459,27.735534293724427,30.93304561578179
P460,22.99104873452262,30.97044996449154
P461,29.831342874368975,24.8674235029447
P462,25.59836353366094,26.499395925304135
P463,30.37770983016179,22.384065476081126
P464,22.484851687277853,31.886059375322603
P465,32.044858131554534,29.67124869463506
P466,22.501602129880606,39.40578534720295
P467,18.483937448126902,19.00597021689959
P468,26.980065025239995,27.489728878236946
P469,20.40445232291179,33.541782236496765
P470,26.097103211970396,27.179606846316357
P471,19.238630205980975,34.36228664140072
P472,27.925905300813973,29.504120681103085
P473,33.309866482214495,24.649576168369236
P474,18.135136730838674,26.540459650593778
P475,24.79486292640026,31.21669724661346
P476,23.914437739646516,31.760276982571483
P477,19.368072591143,37.2188230203663
P478,24.63031969723344,35.58647915794064
P479,26.54226405869967,32.28376609576892
P480,27.563952761044916,32.23854280008658
P481,27.89225241940395,36.64576265066216
P482,25.884345263656616,33.54501878794256
P483,24.59618937570748,37.200586077247365
P484,21.956234640733285,39.004702164554075
P485,24.819289222100455,22.84612448940976
P486,25.576469867098552,26.594741712625595
P487,28.782895970449257,26.736880103488044
P488,22.99217455053349,20.552296345272346
P489,22.964621563379154,17.88060336685522
P490,17.872437294314246,33.80207328072149
P491,28.536100713928747,32.12728780892483
P492,20.648607355918543,29.7614432192901
P493,24.983788574092443,24.208176554037287
P494,31.765292357952177,34.386811452878355
P495,24.005661217766512,30.134429194972654
P496,25.937722635763986,19.791325657878545
P497,23.887701778657313,26.590078760011007
P498,20.49270995547288,28.594498535570224
P499,33.08958937082285,33.20421430633505
P500,22.429694545977416,32.86291390678079
P501,31.29709946463701,34.62316841456384
P502,25.268336664640785,26.76531611147213
P503,28.142004911261154,31.967426927108747
P504,29.028369490124796,33.175859008409844
P505,29.722987218937007,27.32382394219716
P506,30.928273295354465,30.987998023461998
P507,34.3386739268137,26.55406090955216
P508,32.81183711424362,30.989553917313238
P509,22.068618983734982,27.58057082972839
P510,23.55843711312556,32.12082973200958
P511,27.352759696159747,27.131499980307105
P512,24.890404334825575,40.71135179305932
P513,32.7739442654532,32.18161834837016
P514,25.1710156517569,30.600156633591308
P515,27.760830877286875,24.886037174007974
P516,23.841805581594947,21.657079630612053
P517,26.79650405172376,33.2359796985137
P518,22.82566091965282,37.869933816450164
P519,19.484054516489465,22.6781255989509
P520,26.010033183519873,35.23549151306077
P521,32.57767461156041,27.7055786856553
P522,29.85406375044083,29.807457652496463
P523,24.223177150266313,34.41829968743336
P524,27.935452952860388,22.118039215078753
P525,31.644431573766532,36.90045677073726
P526,22.18496784320712,31.979017667187044
P527,27.223135838272324,31.303368829119535
P528,22.52362680769561,26.641883160309742
P529,24.885006680538496,35.86364509629682
P530,27.446200695674946,28.14692833956947
P531,28.47264419791755,15.757286896849623
P532,30.169445651674465,21.301431106109504
P533,23.369015763685905,24.401650526869282
P534,19.173933359255926,35.8041339368926
P535,22.89534459409649,31.73251940865358
P536,24.78885739504367,32.385204136115604
P537,25.34569850977115,23.58503887905715
P538,29.48320068751213,27.531217084193436
P539,17.99538145603112,27.859424195170437
P540,31.753419057854398,34.251108710567465
P541,23.431065395164634,28.253711478407855
P542,23.55264226952178,40.383739917804206
P543,26.71870953504199,32.15020823595535
P544,29.63627554314329,31.193945795132567
P545,23.834310343806838,29.01825075457511
P546,24.67779433263671,29.813888817450792
P547,28.27433294636641,30.259729429036497
P548,28.296880347470108,29.59641709945709
P549,25.353858356422407,20.00899657733946
P550,29.12347453616117,31.732442379489964
P551,29.491045494368436,15.518723109031553
P552,34.39768617151327,29.302051859224132
P553,29.986822675318823,24.800470364372345
P554,27.757482572781562,24.73292218413172
P555,22.193039676868878,39.570156769333934
P556,24.14192919656494,31.087164365898616
P557,28.915304788099395,32.47840943986302
P558,25.676885073146092,31.824805012331126
P559,35.81537013357224,29.711906014832074
P560,25.904945710217355,35.25327198003806
P561,29.974866698310926,35.9351515278019
P562,27.87428599913133,24.284975436347583
P563,32.35044189535493,24.26827303490656
P564,26.361859593575648,26.22862074990321
P565,24.711377440331532,31.6438120515174
P566,26.44610746952623,32.109603771176424
P567,32.26170071076391,32.2676715075699
P568,23.90129514119208,34.820435841441785
P569,30.352617200160882,23.86196092431504
P570,27.688300314324362,33.50586371155449
P571,23.660964234880037,36.878534066558096
P572,24.32474985835363,30.627882267357712
P573,24.221176790722588,30.077895237907338
P574,20.06676210897159,22.79974558702853
P575,32.17527278451237,25.76519325840836
P576,20.538734427446617,19.233049431981428
P577,22.12467213539724,23.38455103296251
P578,32.38906822061366,35.04908544671317
P579,21.90332344670024,41.26217902672154
P580,29.417944691462175,28.37584308245689
P581,13.75267428306892,41.45471286295371
P582,18.746923899563818,21.773006265215542
P583,29.60156694404338,42.19876203169636
P584,31.22922768329733,32.8195456002618
P585,27.67639453749379,34.267077793901535
P586,28.415178654040442,31.405957119846878
P587,25.46890496778344,29.687034360502388
P588,21.607159350099955,28.59662461566613
P589,17.381694336120766,29.50830186602625
P590,20.55134001782087,24.482053413921143
P591,25.809523680190654,36.960011431723
P592,29.13242472701041,22.147496981884114
P593,20.54667338543348,34.70385593994108
P594,20.578806729077606,28.876834250014877
P595,27.475234445610482,25.158277725681824
P596,25.474189777656818,23.329872525408977
P597,22.293845602219537,31.598909670712686
P598,17.83152819910749,32.202373689801995
P599,24.911629904829933,32.76244977208574
P600,26.007613603290977,36.82070214986922
P601,25.56351026191558,27.852972294373735
P602,25.55033876364528,32.716490145181936
P603,25.21987031646567,30.202958456019413
P604,21.841037404869603,26.68549541224526
P605,18.68827627690138,38.7478837159347
P606,19.40261544073922,26.53547401102046
P607,21.76716730493861,34.474621884722204
P608,23.672726447685875,36.23871036336867
P609,21.969292190902593,31.39497081111901
P610,21.24093826033109,40.72574563886694
P611,19.655807114367192,31.549103551135136
P612,27.851995964194444,32.06899548725749
P613,24.166205535050313,29.35089650133287
P614,25.19715162390599,29.264989991857558
P615,29.337456025577094,41.05261500795676
P616,22.49128696746475,23.150985102104613
P617,24.602730782419354,42.898546688271594
P618,21.383464444136212,38.195584027220335
P619,32.54965366334398,27.232058791460027
P620,27.56042385633374,38.14198311564269
P621,23.29392516555631,28.982098199488192
P622,22.382435887231104,24.926216346535668
P623,22.07825104720297,23.880298666188718
P624,25.153375607166517,26.15013384470679
P625,26.052036603058365,22.220521768981865
P626,26.488961044965055,34.16764480804462
P627,16.02818960842845,31.87028284923786
P628,30.524510466129815,23.951794906543974
P629,32.526575740769665,32.095095046830224
P630,21.82744664908716,29.72115461171147
P631,27.51247110634775,30.380026957062057
P632,27.42440196600866,25.39663203460317
P633,25.762123708162353,22.9314275154751
P634,24.49948272393085,25.480461792676053
P635,21.69011525834605,36.18046587605219
P636,29.91089554267421,33.045690604535885
P637,20.084592558973394,28.41795775152599
P638,30.458939649906327,30.708584568199523
P639,35.436982929917626,31.96658919697186
P640,25.864221024205143,28.454417678987493
P641,25.60093407152027,29.23765081809728
P642,28.186489045098657,34.783511583972924
P643,21.463047427714226,23.34383523221111
P644,16.737075821035166,32.53995663456272
P645,20.034850272217568,19.235547035237587
P646,26.74860372038934,42.46499758716395
P647,24.97268089807048,34.19245387225821
P648,25.368232113464042,29.505551734044285
P649,29.13584417344496,28.548627279056742
P650,26.203265413323564,31.608489030980067
P651,21.993592958606282,34.960211747682614
P652,24.21268109487066,26.221274202535778
P653,27.414294296066817,25.507660091044812
P654,25.126815208161076,29.95440501677898
P655,29.8865300462421,32.373491164399766
P656,24.88737868564685,34.08883149600143
P657,31.25593397057791,32.78905153175931
P658,25.046586789295212,23.4408188382492
P659,20.206988516160823,28.47387647822666
P660,22.257195090283226,29.06514348507277
P661,25.25492466203698,32.64846377178365
P662,24.68275549873409,32.43250821913101
P663,25.29013486664554,20.12266716823064
P664,20.772990727815603,29.279562221391924
P665,19.556373657215016,32.999643649981024
P666,31.88837874554664,36.09380925848659
P667,24.039507080814065,37.45363068424976
P668,25.669003557409503,28.314570144409803
P669,22.23968801406577,28.487651567559357
P670,23.25320431656447,30.85208111187744
P671,25.72258291472439,30.015230100767074
P672,26.966221763858574,35.95323137393171
P673,29.272993609485958,22.575510157750482
P674,13.507354892941203,34.67159955619637
P675,18.849045857130605,28.87617299053658
P676,19.734491382732884,20.9900978120999
P677,27.436582276921545,33.79577580151324
P678,22.405703196729764,17.04478853927545
P679,22.54189998286383,31.959020027012734
P680,18.34489794051642,30.91679959889578
P681,24.93110567872152,32.89645749800544
P682,25.53811165786369,25.13465529559222
P683,30.38457175749021,29.20735213486515
P684,24.877129572205305,25.333660204634022
P685,23.005229869638203,25.575986429865495
P686,24.221742730344598,38.558542400711715
P687,18.826444856808898,21.932193010616295
P688,31.620266473721237,28.95338161424067
P689,21.989172676030375,35.199523436980385
P690,22.274730071184113,39.13004856773468
P691,28.050666421026712,27.560442959271487
P692,34.70788695969476,26.97142538498331
P693,28.339429174041882,31.49646290203246
P694,30.85783580229459,37.807555983634266
P695,25.14401867079595,26.232910648269083
P696,27.069874643226022,26.61142315123947
P697,34.060242613869804,30.682676655413687
P698,23.356053019095512,30.923401529324543
P699,18.937931697116365,25.141929807446743
P700,30.401862585749914,26.71552860514302
P701,20.288900577931273,32.68326376263643
P702,30.335668695983486,33.594766553325336
P703,29.482214586126172,26.216024557152696
P704,18.601851999661704,37.506668259777435
P705,23.54794072521039,28.745834917724764
P706,30.97687363832076,32.7811500470033
P707,27.051494974367234,40.825011724505416
P708,22.104167963289356,34.63920064040619
P709,25.25655906203688,31.342961394316283
P710,31.878107918856394,32.53917878144812
P711,27.42233235572335,35.362536686549014
P712,23.357712717057016,25.803951663304968
P713,20.298358626905348,20.16821705311999
P714,34.25293208473145,24.483958171391585
P715,24.004358693864027,28.615933500555396
P716,26.383330140140952,34.078686062696484
P717,28.872130697618854,27.08461280715531
P718,24.247952287961148,31.412899752441497
P719,23.88088993217404,38.03672788009996
P720,27.20938728237213,33.67438893024909
P721,27.982965709003356,35.86736928742663
P722,25.814597014166683,23.515840260220767
P723,26.79859578288689,26.743215531040853
P724,22.621224932126093,32.931820093775464
P725,30.57227382145136,30.106357883680307
P726,26.389748556695338,38.51107472317619
P727,26.083389307698557,43.008415570901974
P728,27.54479340534195,21.19618620422091
P729,28.390037294970398,31.90579192441389
P730,30.803887393372356,33.365906756349794
P731,24.376948072073017,23.878508818553172
P732,24.059395342212888,25.7473977289535
P733,22.387644475878748,32.942892022103045
P734,32.51457026958133,31.973357649114906
P735,19.61852622084167,32.2230133411007
P736,30.38484168990543,26.95108547840309
P737,24.39692274997187,30.073440973645987
P738,21.46795759112992,33.2414021692193
P739,24.455733331264984,32.09766221953514
P740,21.00628519989055,27.812708498382946
P741,28.25071611022497,28.135834239541165
P742,32.771337330550324,28.001819071926988
P743,26.011081265883487,34.66295415936545
P744,18.61735420180136,21.19595594009612
P745,18.134546584434574,36.31292051713591
P746,22.51663834348399,42.79099642834126
P747,22.460885806041752,30.922756515985185
P748,31.93949478655544,40.03046444079561
P749,34.27676609486379,36.04183115296571
P750,29.60828136615158,32.96263474600592
P751,28.50262484274987,27.244071418357333
P752,21.318105024599618,29.98312771294524
P753,24.234169198637822,27.733859753363625
P754,28.133743513555217,34.77652604285255
P755,25.397830988313313,37.38765040527631
P756,19.862398986399228,29.03170270360141
P757,21.774299557287378,20.6673169146347
P758,24.627936913707853,29.39126245808358
P759,31.81052384458959,33.154058422773886
P760,20.39115929051858,39.27046283167094
P761,30.494651629864087,32.910488517343076
P762,23.980821555175755,25.202803816382602
P763,23.32506950768026,35.443743098520926
P764,33.48063837670574,37.71621764136094
P765,22.800177601961767,24.401912833554945
P766,25.633988111100418,21.157803172185744
P767,26.454254713831517,29.261987068506656
P768,22.90283574159291,22.02648466366602
P769,27.311200479563723,27.336495801690443
P770,19.735374239303702,15.638688933591753
P771,24.876182927272136,38.86125798334872
P772,32.475666465465416,27.714518717068643
P773,22.290045728371986,32.34387128037512
P774,20.507265523652688,31.50895949909733
P775,28.447361252731106,36.13466611942154
P776,24.549306655840212,28.98163124911517
P777,21.049078359595477,25.8655982298007
P778,23.98084498644313,31.83682753408089
P779,29.111130818049624,25.984105246598276
P780,31.717098560317847,28.644381994787157
P781,24.903847175432038,26.263941604260882
P782,14.090918828771763,34.42022698180525
P783,28.31579753691595,28.593362214408934
P784,25.301458227511922,32.5796960885205
P785,17.96854364401056,27.354736613268525
P786,28.574191058298222,23.728552884153753
P787,26.32101069474983,23.217090976882975
P788,27.098934920950867,29.821792588512583
P789,17.731906828425206,35.82369677228586
P790,21.69433790440878,25.948737814928094
P791,25.902561387539244,35.743186747143575
P792,20.428801814597215,30.30839924923986
P793,26.92967425148758,33.46552803631572
P794,25.793986998747513,28.164860804583387
P795,21.27584400708076,30.430719415231874
P796,20.17537444606477,15.393247582526964
P797,26.964519118709504,34.519674205430974
P798,14.366804040061727,24.95134647645031
P799,27.78619417452339,40.2874773485585
P800,25.093571684539334,26.35998529385433
P801,24.17696601502822,36.87438209574093
P802,22.09316119393959,26.00403996674873
P803,22.827654150180855,25.233356958706437
P804,25.552016421976578,38.1233922923478
P805,26.45385672902213,28.738232489368563
P806,23.68684928988005,22.184045956516716
P807,28.973993997162214,29.61081401493599
P808,24.187840388842183,45.965537839224304
P809,26.344388087645587,26.24104474952408
P810,23.081390817075054,35.74222854598378
P811,25.50971684741994,22.808610108413166
P812,29.136530205588414,26.65927957230503
P813,33.429839992978955,35.40024032857324
P814,22.98705146953562,36.40508180867556
P815,25.305349797373314,34.263868375611096
P816,27.181297677825135,25.768216725045633
P817,22.10402575457142,35.14980408790581
P818,23.493511005520567,27.981757683790015
P819,20.70194839292791,32.11799532796731
P820,34.281362136594154,24.662335428728635
P821,25.10898755502741,37.061102777077146
P822,24.64161373939428,32.26185898124867
P823,20.21922912333904,32.141535486038244
P824,24.15785080747953,34.928649978399314
P825,30.343237232041382,42.94781821009307
P826,27.60834927946109,31.628981582910832
P827,25.874729357098012,28.23416853594656
P828,26.52317729557761,28.522992949304854
P829,25.758074393213263,36.587987678039795
P830,20.470558456241616,35.699392805645225
P831,30.927017803029393,29.409657365044605
P832,15.451652954461323,26.960890064527838
P833,30.83647545952499,29.88565968850559
P834,20.503139954672903,27.47612539385891
P835,28.782790119270487,32.7336678410069
P836,23.924805553736377,28.165877940926563
P837,23.2370883293028,25.387949077507486
P838,32.26919060261249,28.3883976539433
P839,30.477213343714734,37.60658025961226
P840,29.49239904166582,27.841898436409757
P841,26.816785406514743,29.879021968045418
P842,20.933341626714423,31.621796408608017
P843,19.694320939780887,35.93839694230782
P844,22.90922216215723,31.005798279364196
P845,26.27479542195764,28.705475131479613
P846,27.640122106638735,27.62548171688738
P847,28.9208378385576,23.270101598766257
P848,25.56870810795885,39.694644995291426
P849,20.498509039274914,26.611275147375743
P850,27.312585323465118,30.89790890969799
P851,26.577835446731015,32.44593565073832
P852,27.856246608527965,35.54849920978111
P853,26.844183956178306,28.793711726907286
P854,28.02658165541229,39.49940967447608
P855,24.403148141278418,25.127353476646793
P856,29.981863011791376,29.398094180232007
P857,15.222987042936838,34.23710838575211
P858,22.591023163207346,29.547333588479198
P859,26.493911487560567,30.952498398895333
P860,28.19253317712568,27.822568147150783
P861,27.308976091792374,28.702266612080415
P862,28.324647163993763,33.07683742006527
P863,20.79052584079932,35.42991058087516
P864,22.588164496986785,34.040288991405724
P865,26.652792910306033,39.190918383975614
P866,23.994403079326666,28.253416019409013
P867,24.912611773505205,28.484101085828623
P868,28.599738558739226,21.91844695781706
P869,20.25842911384141,24.660985392104035
P870,29.27638416388109,38.553066862909624
P871,24.529978516581377,29.155891384049948
P872,25.315234734009316,35.80939151304095
P873,20.826910896142415,31.191844913673926
P874,29.388389334020935,32.50547084969923
P875,25.853117274694345,35.005230462835705
P876,12.835454681503432,33.38937659765454
P877,22.056659425926593,20.846835515717714
P878,27.300411697862412,36.86829272581479
P879,24.381481684175387,34.76437273601469
P880,32.255252160948906,36.57457226792024
P881,32.37984038217127,33.71063745535946
P882,25.339451375057166,21.990170940514158
P883,23.89271880341523,25.783767023419042
P884,34.76924222874016,29.120570937838316
P885,25.554421630530186,32.75742688020234
P886,25.19621100867604,38.47525520215376
P887,22.198077872194965,30.973037276186215
P888,21.65888236435878,23.39988744389647
P889,22.247039090926215,29.81481601475794
P890,23.068139989672332,26.53789510063072
P891,18.671571413476748,29.584472136856526
P892,18.22875831686049,33.80027981844801
P893,25.370978888205265,22.71224250267535
P894,23.608559153275614,26.239217972047083
P895,26.43628529688631,36.702252230115725
P896,16.56172388659415,30.575130395737087
P897,24.279402419950117,33.35670038225233
P898,25.959384827069602,26.240153341305906
P899,23.56425728950022,26.019870715982556
P900,29.84203212369369,30.10655824335971
P901,33.555358085888535,29.696695930926897
P902,21.81216954890292,22.431428036935863
P903,16.88587145684825,22.079320284972553
P904,26.202069929551676,32.54362511614967
P905,17.8846418408554,34.475191570380574
P906,22.826225267424523,30.733965059927748
P907,32.25499282714941,34.48419657932766
P908,23.791612084423754,25.544038872923565
P909,15.316830694018128,26.4042334037879
P910,24.049913925275376,25.06410236424408
P911,24.40934364808463,30.384259414793842
P912,23.988148081863645,26.7499870958827
P913,25.758946023850275,32.209703247847045
P914,20.093204151507194,37.054661898731354
P915,24.556353404720824,30.094248114724238
P916,28.186964904654506,31.166080656317508
P917,29.289114852609604,31.43562082600912
P918,22.24403181411803,31.80751762603051
P919,19.85323206705702,30.542798528882617
P920,24.850465042099927,28.959415713637302
P921,24.421581198524812,20.590754772511804
P922,22.530737915165673,30.464224505705573
P923,25.719353763988302,24.86162429537021
P924,30.69568528389115,25.669125758927496
P925,29.362557402370314,32.13597180935842
P926,22.091977105702888,38.87655446304756
P927,19.62863425709584,34.59577086805001
P928,29.502620431193403,26.646898954616777
P929,31.26609385028948,28.749767427005235
P930,26.299121331759356,31.301609193856102
P931,24.395610663382534,34.05404136579891
P932,28.57069924248496,21.257340133809095
P933,30.869531092951686,21.68754005982163
P934,29.646457919537458,35.633525684137915
P935,20.090651064031608,27.945928560227077
P936,20.024328991813288,28.925394848556323
P937,23.613845721164164,33.8983026613467
P938,30.896389357538236,36.97841905394978
P939,22.47024388039764,28.95389063127736
P940,17.424528135005723,25.970649667519055
P941,29.34183234893856,38.07791411774116
P942,19.44543007654035,27.037678704235528
P943,24.881174093684827,31.400805794098034
P944,21.356784160352593,32.12030522232045
P945,22.867722938180876,29.927738645608603
P946,27.458279116016648,30.032111349054688
P947,23.03626349263044,29.451950980370846
P948,24.60236668357599,28.14994485058936
P949,23.83541771799804,37.99323585252358
P950,27.524137515735575,28.522598409854197
P951,28.13629482029831,28.33090255121995
P952,30.279060869139887,31.84821096099047
P953,24.51714035198097,32.23858462905139
P954,17.931057315691753,24.366162655450974
P955,19.62733747120425,30.714715473818533
P956,32.796317497682914,41.15650073096316
P957,27.871229956483408,32.50422237472228
P958,16.895240196312674,27.28663100132989
P959,21.454973116412926,26.89576200874442
P960,24.243352816368446,27.639547111514364
P961,16.093150853308956,33.73955128058767
P962,20.17265638417087,31.196234320555746
P963,34.33337201387488,25.403077042067885
P964,13.613706147641516,28.569978890599447
P965,29.95431835749357,39.79173727110297
P966,19.467026824964123,32.48349611618261
P967,22.90610294448976,29.47025822847932
P968,36.89954506157666,22.485148358024233
P969,26.141828476725582,32.33846585882716
P970,29.886038462227063,30.48991576735448
P971,26.38622742776846,28.041757162891045
P972,26.211071235602983,28.28403862251295
P973,27.797073504352227,28.15194831978183
P974,26.69695177255984,29.853685931575107
P975,30.067226128474758,29.74303138205757
P976,17.021353893069033,36.30960750356996
P977,20.924204646118213,26.7311683067559
P978,22.319524176804286,36.87219046585409
P979,15.38946603709587,45.688742668299966
P980,29.752255640797234,31.1161945706458
P981,24.75297699722671,31.427770374288286
P982,27.34505092770702,33.22607792975028
P983,27.500220097015518,30.447903406276243
P984,24.111977108617033,29.243633581732443
P985,24.122912738412936,35.66885048433532
P986,27.671005250263878,15.298056826678598
P987,27.951553494383923,30.973680973593876
P988,24.915810595993463,28.05740773455557
P989,30.05850723993706,34.73763231061429
P990,21.52205049479376,32.03526143562267
P991,20.627544694564214,23.101909176055347
P992,22.179772489345158,34.311967361913794
P993,29.28906270419239,32.56542710048647
P994,28.262931040815985,32.58089143557479
P995,22.113332821496716,32.159612723369705
P996,28.60184286352457,33.77145664906787
P997,30.350110171635894,33.54151923600532
P998,26.581516933937124,35.350751191582134
P999,24.88065433337923,25.59062674386141
P1000,24.266198662253064,26.275486775967757
P1001,56.624108625128095,64.34966598178016
P1002,56.03790039500019,63.61417311662432
P1003,50.53192666523107,65.95982168317822
P1004,60.00602737681112,61.32310116019314
P1005,63.296228342162024,69.21906561931951
P1006,51.96220067815513,61.56773849645204
P1007,56.154288251063505,60.77043604501011
P1008,64.14737420965874,64.12778237552239
P1009,58.67742579344694,55.98261936016961
P1010,63.17709015104613,59.42333722315937
P1011,60.29966315133164,66.24819622081186
P1012,66.80329297919326,59.110308203963996
P1013,44.90243922089587,65.82732295139162
P1014,69.00255590755427,70.57525858822747
P1015,61.04829707637313,62.787637164655784
P1016,64.03561298318655,60.61904210132989
P1017,62.3817888467811,67.27461571624983
P1018,65.30104953749439,77.41847017509986
P1019,61.96207983589383,62.709663684316254
P1020,59.872128439040026,57.03915842799897
P1021,56.52643434455471,63.15822902849103
P1022,57.37955801032704,65.68559692415175
P1023,55.887900338089,70.04463800296013
P1024,60.00103532459099,64.95814855487623
P1025,58.36052641743541,65.69835807736541
P1026,64.12549132333817,61.09791402930095
P1027,56.70941755462372,63.63323287050501
P1028,53.27064538263392,61.31333963125326
P1029,57.618895632276704,68.93475131320727
P1030,61.31280664500962,65.87115460115395
P1031,64.25448981083986,64.38182695220272
P1032,61.95232424964445,64.53550211180377
P1033,61.32681174699814,62.37758604074788
P1034,47.80591420861786,64.39574377016163
P1035,67.1137406804997,69.16796931008716
P1036,64.82698742295585,70.56258824812798
P1037,60.44328795480719,65.88792068332518
P1038,56.91174052282825,63.577672147878275
P1039,63.07885574885571,70.41747996725968
P1040,59.302768621595,62.97414830816865
P1041,60.002639794282985,67.70543037018102
P1042,52.78072591933229,54.66718571088243
P1043,57.24731575254208,59.50679408338629
P1044,57.45929901176345,64.33498856532138
P1045,57.733757954884936,71.53610390511835
P1046,61.6337238230116,66.35213461824873
P1047,63.11103572021701,59.87525096998654
P1048,65.19555893710134,64.65906071059042
P1049,63.35240308620606,60.1766424513193
P1050,52.23120616991968,68.68050346111264
P1051,61.882047630487584,60.940768005391206
P1052,55.65168459362653,70.06445652986646
P1053,54.05294053566336,72.39202828965183
P1054,55.496896326760655,67.87276366523773
P1055,58.356907621255075,67.71434343987055
P1056,57.27942998942903,64.26743192267467
P1057,60.20459587697861,60.49015644898337
P1058,63.70412172710063,62.690538950877865
P1059,58.85700042329991,60.5254278142617
P1060,47.18833170602345,64.14037506829924
P1061,72.06307710806458,68.5307192955411
P1062,59.903698101328025,63.816991268562795
P1063,60.11232946406023,67.46203601828844
P1064,54.09593592345578,70.01444762600993
P1065,63.57690657720622,68.2318357656857
P1066,62.192378694048635,65.08827495962295
P1067,63.3643061798341,67.6631636018362
P1068,58.22979644529488,62.418792021963945
P1069,60.50928147630994,71.97059068172834
P1070,53.804464621730496,58.39613630411402
P1071,60.82380420618259,65.22899465835208
P1072,60.866708321852045,66.09778939058825
P1073,58.883988726825976,71.70438547370937
P1074,51.995480107617425,61.27176338848889
P1075,59.48372619925476,57.60565034980625
P1076,59.12072797783964,72.47661574577609
P1077,60.10443244147981,66.03815407573407
P1078,53.6991761741371,62.22637366382235
P1079,58.12401809838032,63.570282064596945
P1080,66.40821897501884,67.50960977326307
P1081,54.44271021531484,66.10927150294403
P1082,62.491108742483924,70.1306706733457
P1083,67.90270343284186,60.43207613677459
P1084,55.94571244394831,59.340899634884224
P1085,58.829900704465096,67.0986126850085
P1086,64.9366725829455,64.65822039360864
P1087,58.40076238372578,65.68291096511933
P1088,55.824285491849885,74.40292424762649
P1089,51.96169486440971,65.83133260503077
P1090,70.1180310961482,65.03059930052
P1091,59.04980482499253,63.39149559735308
P1092,59.09804159118796,71.17781813604438
P1093,48.940690443352466,71.90045165583346
P1094,52.88021423774927,63.80006451844513
P1095,57.85377789850669,67.64848971396825
P1096,52.00937824058126,67.07977699736874
P1097,70.12154811643427,58.865716979332355
P1098,60.94853083805198,62.02108019991526
P1099,62.12943603096518,65.08616499837089
P1100,56.792565454778455,67.19542528191984
P1101,69.02174054893372,64.14093293722716
P1102,63.59878971074091,59.18027168957976
P1103,55.21781811590996,67.1258282504617
P1104,67.42058014267982,66.60026006953547
P1105,58.43470984738423,64.99681132440509
P1106,53.74796133015141,67.72031896859914
P1107,64.41166531161704,62.96559350225114
P1108,57.64978926120249,66.19645203343421
P1109,57.81640131979702,64.7024032341838
P1110,70.49860894583257,63.888384346643015
P1111,58.20829923989389,62.086061874641786
P1112,63.720959857499686,64.18449122051854
P1113,56.75313480839287,70.94586814522856
P1114,67.09801502256819,62.298093954175826
P1115,50.66730024319692,69.53381160426615
P1116,56.57685087119998,68.55781519623245
P1117,50.14948091144082,69.0166880223469
P1118,53.9441403535961,68.28843853579936
P1119,60.07136533918217,60.7072726127151
P1120,57.9648184353661,68.08843305630515
P1121,60.529472265576175,67.62985841212618
P1122,69.88220292257742,57.96091274730027
P1123,68.08606287484312,65.46960171885446
P1124,55.50607975838436,59.01358868417454
P1125,59.054398046114834,69.14742550366006
P1126,59.36225439811233,71.80019718611307
P1127,52.744121549742204,64.94559973469275
P1128,53.73803277793441,66.63634347181235
P1129,64.4344369504865,63.10657192843526
P1130,46.978930716864326,65.89526666058423
P1131,62.18369275866755,66.81932639732764
P1132,66.17891095911077,60.180258441579284
P1133,63.40108052725225,70.36628380615089
P1134,51.10706207996742,66.4384332166354
P1135,57.47910084496164,64.63314797104259
P1136,61.73838241769168,62.807471461489015
P1137,56.62145960419194,65.15368587869611
P1138,54.563770305685985,60.113786920016665
P1139,63.396866414782515,59.83042684178605
P1140,63.331562504546056,67.08166081784277
P1141,51.37096635604702,61.95095906448955
P1142,65.97054701523686,60.58475510987143
P1143,57.67797868845306,67.07927401963353
P1144,63.91695254641298,63.86807501279977
P1145,57.012449026541795,71.40066437764328
P1146,68.6944983189879,69.40486122851809
P1147,60.42659071282512,61.36280425261583
P1148,55.847777967217176,67.35131347369591
P1149,62.091991104443416,71.30719366825893
P1150,63.25225046268069,58.23613864208082
P1151,65.2597380886146,60.50872717708514
P1152,58.08014364023824,66.12590092813262
P1153,69.97833744891982,78.99463350202413
P1154,63.03361529568092,64.17561521575826
P1155,62.67252824240275,68.99444941643226
P1156,58.39666187221404,73.07845110160545
P1157,61.15035379595701,67.23984390091127
P1158,63.329621260272305,66.89713974776505
P1159,64.19470250234806,62.22236066053885
P1160,57.20849123026985,60.049305951627375
P1161,62.19750615310113,68.50521426580451
P1162,62.28886433075943,72.53521595006391
P1163,59.972019905854765,68.00933745016631
P1164,54.541495619303426,63.258051338865194
P1165,63.47768878782889,68.82095949834415
P1166,58.53016526167909,64.6778033666387
P1167,52.410631266595956,63.39336859637026
P1168,64.45191581759893,67.58842257247954
P1169,62.503328606906045,65.22398159231432
P1170,60.03531579314088,62.02855487236949
P1171,63.49414210101267,66.89437824975225
P1172,62.46009423996399,62.63284320799589
P1173,49.23328540064378,69.93718720289164
P1174,57.60581271995798,61.117509061805954
P1175,63.46739455956997,63.23594312036391
P1176,65.29968192023311,67.77652677309514
P1177,63.417846616002386,58.8531992995976
P1178,66.059719926932,66.17562739055235
P1179,58.15361430376898,65.64524810304013
P1180,51.1188238355084,66.83893765166302
P1181,54.85314245908964,58.912983713704094
P1182,52.38820406891055,70.00709768745466
P1183,56.85368303153606,71.90177469462425
P1184,57.32099268473851,57.31688919083174
P1185,54.4173778002567,70.56115229003123
P1186,59.22050911031666,62.532707165792296
P1187,60.80009112926394,67.25802231275395
P1188,65.58699407951231,71.51824653451817
P1189,58.20115677105457,59.03278541263083
P1190,57.93267419438362,66.171262279623
P1191,55.18120536894695,60.692820882972306
P1192,61.718939407749424,64.78106441793297
P1193,60.163984977057936,61.58677099384969
P1194,58.847996428971165,60.84095085079263
P1195,64.45099205562393,69.65862200625689
P1196,50.76906068880953,60.817201129134155
P1197,52.51735372454961,62.07489229516896
P1198,59.58281015104819,58.47659651135662
P1199,55.390700934373434,60.48219182563326
P1200,61.03633664699472,65.31204951666312
P1201,56.391312233313734,65.79569392462729
P1202,57.26659957706367,63.77755200353276
P1203,68.36726045149268,71.03207473305656
P1204,53.50209381536201,68.73379588045628
P1205,64.05698277245796,59.83281520061322
P1206,64.09388821877431,71.92069363285648
P1207,54.38727596877793,60.87123730543581
P1208,65.08830733421752,66.22172889871541
P1209,62.757381376197614,66.53265147380223
P1210,61.95347960464072,59.030875422600126
P1211,65.23658853310724,70.26315496592498
P1212,58.853046279659864,64.80435372583761
P1213,52.34446248722139,67.31414640208025
P1214,62.86028720857072,64.7201404235031
P1215,65.62176679935251,63.49665246059027
P1216,62.823029629468,60.41151047588548
P1217,59.88223924562881,64.21540583943724
P1218,61.12653961020471,63.33712882024989
P1219,59.342637021641664,68.71721227148677
P1220,57.81617881380891,57.770403046675945
P1221,68.7479195210271,71.21654335410719
P1222,53.538686524471906,68.10368512360337
P1223,57.485126147243285,66.18569246898977
P1224,61.471120645067465,63.94516489857655
P1225,56.08117167206802,61.89256526457683
P1226,55.41904042259379,61.256800062962995
P1227,59.66410854975322,61.779080049001614
P1228,63.4102603285631,71.69260769901167
P1229,57.09973379314979,66.0773202524092
P1230,62.49842555151467,67.12401021913674
P1231,60.37977633958044,68.34207088261876
P1232,62.41124476340329,59.43051909952716
P1233,64.34578032194636,68.99280876770034
P1234,56.18356947910709,65.17072025951421
P1235,63.416644964055344,64.05808781189288
P1236,65.36489023883006,75.63742622578712
P1237,56.07006983682509,58.785299285808016
P1238,61.51909297802438,68.24703127306765
P1239,58.845668130776154,71.53967298494466
P1240,53.30697100138376,68.11813380364225
P1241,56.970695896205534,72.73720057793284
P1242,69.9625767658406,61.550045354974934
P1243,57.2522143204571,68.86814549140911
P1244,58.064346751052426,64.79564951930493
P1245,60.12694210271205,56.36147079711055
P1246,59.93081126952881,61.89622501671122
P1247,57.53438588800114,71.49634401560967
P1248,53.71746552860372,68.65942334036589
P1249,58.60518534834096,63.741079241768745
P1250,63.951859480258555,66.53023082556001
P1251,62.85306498609766,69.35683097239787
P1252,58.34345808408339,62.24493469471513
P1253,54.57424736721101,61.285652615094705
P1254,74.74547212654363,70.60105811331555
P1255,53.24462816895989,59.04893919465393
P1256,62.40933030859246,67.46269158820085
P1257,62.744419176586824,63.85269892900836
P1258,59.3727286999855,66.4754578587171
P1259,60.429465031466655,55.01314832263609
P1260,58.85100184712403,61.16867104582859
P1261,60.87605709454256,78.43366551171535
P1262,61.83740832737152,63.58911641222421
P1263,64.60900750988625,67.17209549244146
P1264,62.100472452259204,67.73082766947051
P1265,70.28271782414771,59.91100204103338
P1266,62.36816038405727,60.831284915083074
P1267,62.77756323171124,60.865910698312575
P1268,57.913165931974575,63.672095385929424
P1269,64.87908359672355,69.13304499774087
P1270,53.77141311776808,65.24720349949932
P1271,56.45210072625414,59.336727901961
P1272,58.91491474787815,63.61182745194881
P1273,72.13358243172762,66.94831921412313
P1274,53.11191249622881,62.45851698123076
P1275,65.106916477147,74.39799247791467
P1276,52.07008343881021,56.540340266874296
P1277,69.35482587685891,66.75326379816907
P1278,55.65853634061817,67.40583088755096
P1279,46.82126130491561,65.01518977968722
P1280,61.63910586421542,69.15921562792023
P1281,54.93052023853731,65.38559222631511
P1282,55.37287686970206,66.14922690053443
P1283,55.52326838818488,63.16354622377901
P1284,55.020923026048855,67.93011308820645
P1285,64.29225558328332,63.944207435191636
P1286,60.19118997480014,58.481338634149054
P1287,58.50161675996606,64.77407922331214
P1288,73.10396545514988,59.996148384016266
P1289,67.32088619376219,69.48586448059613
P1290,61.40318202245068,72.9137921788781
P1291,61.860527363034315,66.75121638050568
P1292,59.73439673491227,70.50605997088383
P1293,65.48234616905442,62.184452206267046
P1294,53.40376402700616,64.08658713171954
P1295,55.999807178011764,64.7141394142309
P1296,66.1871906734207,62.942142552109445
P1297,59.78588309344212,65.26110230663778
P1298,64.24215441102642,54.888997997069275
P1299,56.96649852617352,65.95077661525762
P1300,66.00039478213431,62.78643898622208
P1301,50.617236469790626,67.78870150684762
P1302,56.82318805587185,59.64650003409337
P1303,56.87827305143388,64.16963589054868
P1304,56.97627667730894,55.07495274305419
P1305,64.48533098443566,70.73693768575426
P1306,63.25760995669753,59.88041448308832
P1307,58.99254233026241,64.97065408146744
P1308,62.99397194780955,68.00753219923136
P1309,56.329131006107524,65.36898000386103
P1310,62.28640202307621,71.55120044966046
P1311,63.522532699123616,68.55075509318984
P1312,60.4191331396468,71.34706615341577
P1313,62.04881397979749,61.12510440421893
P1314,67.01684985062596,68.14056472642562
P1315,57.78477989435759,62.842281646703405
P1316,61.48287772570381,67.08433157870414
P1317,60.98646132815603,66.40088903049298
P1318,68.4997868728819,69.82194418505699
P1319,60.95317795632512,69.23589761345367
P1320,54.837380482362306,66.79067172476064
P1321,69.04653174866556,64.01879347073432
P1322,55.761830356904575,62.06560000133123
P1323,54.55183481328806,61.46857141342534
P1324,58.14745950704985,58.674948413696114
P1325,60.07809166974801,69.06024728203991
P1326,55.4612190992654,71.83677765638797
P1327,62.55396044263797,69.63761263530826
P1328,56.71082723073931,68.84536352179977
P1329,54.54033049802344,69.00611375376428
P1330,60.85919669896766,67.48963048993153
P1331,54.12202697187574,60.97218570975528
P1332,62.98614109126692,60.7324339809911
P1333,62.316031460495616,58.84787987092889
P1334,64.24087106333334,59.45364508354171
P1335,62.76149968839761,67.815339201407
P1336,56.516140907852126,67.61911955188127
P1337,61.30221131666778,62.575211647132676
P1338,54.95722657961896,56.168184387473396
P1339,61.74825023649847,57.95838752887075
P1340,60.47672099720654,63.814483027629876
P1341,63.39571387719098,63.64079525229561
P1342,58.35276106826454,68.29341816929733
P1343,61.67529014542059,66.4227018073225
P1344,62.346337949042635,58.08992544556803
P1345,63.78394339993491,67.75610957306121
P1346,54.916584357117515,63.901637868466096
P1347,59.80346356186185,64.3947644701922
P1348,61.669299832842675,71.44115051824032
P1349,65.40883363836414,59.09501362955867
P1350,63.110349951530246,70.98019993790935
P1351,61.93404260344602,69.90941191333685
P1352,70.06135222850382,69.60669295748141
P1353,61.246542978208645,69.7028981333814
P1354,60.724439165484455,65.1075636947823
P1355,58.242928821431335,72.03536011474449
P1356,55.907856670289995,71.89565476105152
P1357,62.49932061870186,58.70312221339126
P1358,61.83824646495711,55.549880715567696
P1359,63.12754008415518,68.98354167345046
P1360,57.038220221739735,65.55596463180012
P1361,69.77078716875143,62.72413983082129
P1362,54.705462064717,71.66748531108169
P1363,69.81293595265397,65.01663052331531
P1364,65.05731517704179,71.03664161988897
P1365,56.28757883730808,62.816123740844596
P1366,66.15437256577367,72.5825642541883
P1367,62.81440430087177,61.040835409240756
P1368,69.9353055584972,62.61063095984616
P1369,58.32431109414274,66.54052025520329
P1370,67.77080210357387,68.842891894485
P1371,62.07432750180955,67.08479838553149
P1372,60.21757334321733,67.51162781533328
P1373,47.352199611528484,63.66526643418591
P1374,61.2066096745839,59.82043662371222
P1375,61.931616589057796,64.07987950556246
P1376,68.77737849157745,72.07858876346685
P1377,57.670972154409185,64.32123029794987
P1378,59.63026217195804,62.9675323572817
P1379,60.97512492014064,61.58773069000584
P1380,54.34692332531237,67.8022005075512
P1381,63.147647921109055,61.38057908153004
P1382,64.476777153813,62.15790021875601
P1383,61.265826190189905,68.69154805675605
P1384,59.83193717648143,67.04633410463511
P1385,57.41785178056214,64.11590037457356
P1386,58.9707028455983,61.640397440568925
P1387,59.11612918442109,58.03121765511314
P1388,57.54423126428948,63.71806027983648
P1389,58.7191012375231,63.913261493581494
P1390,59.69117900069936,67.15748683138729
P1391,64.37258537066262,62.076056479182796
P1392,53.98399572305428,60.31080014490604
P1393,57.563985394025366,63.41635406982571
P1394,56.150019669012714,59.16747501087548
P1395,57.71939586262906,65.81641979051287
P1396,62.97514732917782,62.49159626101255
P1397,57.93501088928283,60.829857610187105
P1398,59.84280414812612,61.18207114614133
P1399,62.865639066206,56.963600786296496
P1400,58.20185163773769,66.35498302636285
P1401,60.91917258161252,77.11865148791223
P1402,61.74900012283954,60.48175431421095
P1403,59.522678764554634,57.006891499400965
P1404,59.5970012535162,61.251247743496585
P1405,64.57695137780081,62.52706876432009
P1406,59.416170421023764,62.13998971368019
P1407,68.69425675926665,63.5544075524694
P1408,69.162785217396,68.6636829295322
P1409,62.41033363667693,66.65929916292883
P1410,61.96898649108126,56.32547339294476
P1411,58.60558302924622,68.80321087032945
P1412,59.755514082629475,58.67664568938391
P1413,59.73797774711265,72.66847482314971
P1414,66.23445857767359,64.72098195785286
P1415,64.75724638529043,63.350718408343766
P1416,51.480642065866405,60.839903053417004
P1417,67.81444384254098,63.76703113176813
P1418,58.78308010312491,63.650728116763034
P1419,69.52068294786504,72.31681511912929
P1420,71.09390116724067,64.28429655319977
P1421,61.47812244373547,58.17510852760644
P1422,67.38467213059137,59.744992019294294
P1423,61.08387781881314,60.0621386256522
P1424,57.05566586630652,61.232319060276346
P1425,56.960623696620914,62.5739478358296
P1426,57.25865602537461,68.75000260301138
P1427,54.4756860346874,65.9924364215624
P1428,66.0897957615278,62.69061635968972
P1429,56.41040554626199,63.96263918668887
P1430,65.89862604180355,65.87348433929012
P1431,57.34392852696201,67.17744493034618
P1432,54.48853925081788,68.06611779699327
P1433,62.04303653850884,63.61486187987502
P1434,55.807071007763845,61.00993584972444
P1435,62.67408668172955,70.53041226120078
P1436,56.81346126485602,67.06274016598168
P1437,49.564864906989655,62.3692202120426
P1438,59.84470533564549,60.90642462358175
P1439,55.31746812605202,61.99499199589001
P1440,61.460963641631864,64.15701941717131
P1441,48.808843833375136,55.4568493131422
P1442,56.965674110714126,67.05958963724099
P1443,46.26247578637383,62.75121420731766
P1444,57.3687607174129,71.24752000193801
P1445,58.07489094143568,66.72345043133417
P1446,60.70628570043731,55.4124508408676
P1447,63.841036083158684,65.9692842745533
P1448,62.54134319837295,82.66806967896346
P1449,49.57943530250706,72.76113492392498
P1450,58.562762402998224,66.29298006981354
P1451,59.77243877349379,63.0909364997088
P1452,57.150835358806205,66.48278931007854
P1453,52.4141315166416,68.37760625384794
P1454,57.91902797557373,59.91468797431839
P1455,57.749935710020935,70.65717147588158
P1456,57.323324564918885,66.6130412819433
P1457,56.34521862142263,68.4106483246563
P1458,63.42753869395102,73.31873974983385
P1459,59.122180272503925,68.00894662141059
P1460,60.49033769769472,70.83142301838356
P1461,56.405838061956345,68.35252390794777
P1462,59.02651351941659,64.71115320301176
P1463,60.45876242224186,66.13508178392004
P1464,59.418854784390206,65.96620932426737
P1465,67.89059028781092,69.43452358526848
P1466,64.34577296248449,62.95007213289258
P1467,55.55379585885838,69.29885251206989
P1468,64.38023396264897,71.62701804087942
P1469,56.98009687015385,63.96703105087844
P1470,51.80257918737283,63.23388002272607
P1471,64.98285255289724,62.90077079347311
P1472,63.20239897600412,64.14273602300985
P1473,61.6202851411078,59.8353887458295
P1474,60.4260472481695,51.53988813094675
P1475,59.06551920919008,57.66287040328187
P1476,66.02997258273408,68.4983330874403
P1477,62.333354909830405,71.8445280222172
P1478,55.25541739587581,72.86313439062002
P1479,64.66095782130192,63.93550120751474
P1480,65.67810073591473,60.021679194147644
P1481,55.87742919236163,62.26134624542135
P1482,57.355111459679925,60.24549060757886
P1483,66.11541533547663,63.835155198335755
P1484,61.7625248417844,62.43341885113844
P1485,50.896983497257416,66.2152581127614
P1486,50.43872512290112,64.69114679261538
P1487,53.15842480583595,73.94274199653864
P1488,64.5568136108736,65.47589206072166
P1489,66.31853338827334,61.19157810140419
P1490,62.71739689335047,65.89914695173421
P1491,61.32010040666835,70.72559075048045
P1492,63.66246051389901,66.29925648271261
P1493,51.72556281885852,60.67979167124241
P1494,59.38645533202138,65.42017568424492
P1495,54.34898137663038,75.8525450401029
P1496,67.58197027626787,67.70953244176617
P1497,60.360184306418724,64.04505963544482
P1498,55.24040769988882,65.34866233333489
P1499,61.288762700713754,59.41207741033269
P1500,61.67088208622449,64.30133428028863
P1501,50.46096221061305,61.12826745149224
P1502,57.93197233289178,73.49459445803086
P1503,62.78276562266879,58.99033293905049
P1504,62.43018144708819,58.037132049777355
P1505,65.41345526943536,62.879939066819546
P1506,59.531819056304144,70.96608491393985
P1507,53.56418215707875,58.71296816699154
P1508,57.08200336826997,69.67270482958692
P1509,52.40326962261579,52.25529980850244
P1510,57.744205707955004,67.48283359959915
P1511,66.00130874869414,62.9157738706157
P1512,57.94286696441999,70.19255330415086
P1513,50.6512915015229,63.25165651167646
P1514,60.952119449625286,67.02148424578266
P1515,57.450966534045584,65.15498455267628
P1516,47.55836323293505,62.03788214449768
P1517,62.26754356277234,60.57967684585394
P1518,60.294921107947985,67.01092625361214
P1519,58.287253995711175,65.76708696948457
P1520,55.18633717357694,64.07024924136779
P1521,63.05108084794611,65.70637832435796
P1522,57.06734365218032,66.00897381930857
P1523,63.57304895318309,55.77526424640135
P1524,65.79537032477948,63.48685367593517
P1525,62.12744966620115,70.38761115640352
P1526,53.14163151384767,61.80751548907604
P1527,58.55725652062148,61.473109154940076
P1528,68.67468287918405,61.14452557777943
P1529,57.22226610256567,65.9197506422134
P1530,53.98925236961956,63.21943679709681
P1531,61.587266306250875,63.5021281802787
P1532,59.533065705500256,62.61800549398233
P1533,52.427648454096165,66.44716945102657
P1534,68.7746653582362,65.08280733852547
P1535,61.126320586237746,68.11725239802587
P1536,53.6533475172665,72.66131596158323
P1537,61.01164398211401,72.34335604590099
P1538,56.334835022380055,73.18127865151021
P1539,63.875777470173915,67.48868038633562
P1540,61.17012227176574,63.881621218664975
P1541,66.00265829236936,65.6316194143162
P1542,50.16465148206424,59.97266092231849
P1543,59.07077123903626,66.394995424245
P1544,59.717057555500524,70.48536855407148
P1545,50.24449067980687,65.64614571427322
P1546,50.91010387306423,68.41870532967876
P1547,59.52770642778999,66.88824487410854
P1548,55.68058519705117,70.75759219245988
P1549,65.20862332029425,67.62594936355349
P1550,59.3524137656828,67.60935778382809
P1551,56.465537160063256,68.85000046559321
P1552,68.2474044716196,69.81774751990633
P1553,56.351987650962954,66.62637792772897
P1554,53.53429228120676,67.57575640029054
P1555,62.253017064312694,56.58582647210526
P1556,54.191080780438185,63.725874964653045
P1557,58.49570126429587,59.55735379061537
P1558,61.94489364676092,66.13163124023231
P1559,59.0286543401074,61.598938249287364
P1560,65.24353563208282,72.44933200889733
P1561,57.58219258076731,62.24524887280331
P1562,62.45603832705998,63.388867791138566
P1563,59.30301399668383,68.32843918276102
P1564,50.45321956246354,70.932360461837
P1565,60.363402621646706,63.14828084947019
P1566,59.55382922889275,64.83093209759234
P1567,51.343993482775375,71.72722202353957
P1568,60.206628161353095,66.9935095870132
P1569,64.75774885287021,60.40476894097865
P1570,62.367359495176146,63.79561509095543
P1571,64.23385387608246,55.427476608418274
P1572,59.504528498793654,62.287307048972174
P1573,62.16131475317078,67.1151988431569
P1574,56.46187052588987,61.7952176112078
P1575,59.446673157213354,60.96510997708156
P1576,64.20991847726063,63.33856759798649
P1577,45.46505890339179,63.31330074520187
P1578,54.80728089578014,57.65925883042574
P1579,53.81286680888714,65.49233812324836
P1580,66.64320414124116,66.40933013239241
P1581,56.9674830589213,67.05156887826816
P1582,57.704548448905044,61.87429833876585
P1583,54.22818665883508,57.116770369617264
P1584,58.050381467202776,65.71124070464059
P1585,59.51688164992555,63.12814882423689
P1586,55.27126969651609,67.73710786258236
P1587,53.41434040026708,68.49212561229564
P1588,54.98891490536638,61.614041431911346
P1589,52.666074046921615,62.743690339014634
P1590,64.87656229238989,67.3203263979978
P1591,64.89211056014018,67.34964145670271
P1592,54.48165085734816,63.51144849052599
P1593,56.099004354412685,70.98758706817569
P1594,54.01605676786844,69.021639602251
P1595,64.46476935054385,73.23329090772239
P1596,57.951567036852516,68.20544971811073
P1597,71.40825918269421,62.22061245379837
P1598,52.324798762338204,56.53995484741506
P1599,63.563560144306656,56.52582406373637
P1600,58.13840473531039,66.96790934167532
P1601,60.92587768414957,66.91450188882878
P1602,61.11144927900427,70.75489615991027
P1603,55.23841809630601,61.953521876936605
P1604,56.13670277364588,68.73586315338174
P1605,64.50199294197532,67.03051393693329
P1606,65.91746833444964,59.69881609680628
P1607,68.33612055775569,71.85457379770516
P1608,63.67810998622873,73.01809508946977
P1609,51.71688396161113,62.639983386818066
P1610,56.32348269659024,68.24665695690804
P1611,54.749296301989276,68.40872817201868
P1612,66.85268071998357,68.128413050378
P1613,61.41875511830751,60.55456996594663
P1614,55.765745169373176,70.623285073835
P1615,63.89674501952666,64.82441216280105
P1616,57.91045227117055,55.8838645709988
P1617,54.64573790657781,73.60138589212876
P1618,53.597722144987664,65.85265919549487
P1619,65.037219865976,59.352847993989684
P1620,60.923552373905416,69.22061991879795
P1621,60.062496609536254,77.90781375050045
P1622,51.65700370560902,69.76427838447745
P1623,59.135991313017676,68.47364069676503
P1624,62.20653575849623,61.70079711300502
P1625,61.144981962296704,56.63944346870771
P1626,63.01623750285697,66.34171309695736
P1627,63.19330084321551,69.76153246289218
P1628,61.83809920104856,65.66640238909224
P1629,55.59465831669354,61.79500656357927
P1630,65.93367310088665,71.46350932567691
P1631,58.80944781843973,65.20701236263973
P1632,55.47692812503117,70.2774058037035
P1633,63.32708411845889,73.73547846408687
P1634,55.608384614101304,63.29896445441802
P1635,61.15722961262786,67.90920291976597
P1636,58.92166181226184,61.07167509295835
P1637,64.40703764461786,68.24510913145512
P1638,55.41862949718138,71.09949260497473
P1639,65.85099354598302,65.60433423761506
P1640,60.39798931188018,67.49325997002158
P1641,55.691484648718706,65.13514165623837
P1642,49.2380822769541,68.9440504047632
P1643,52.1925338877907,71.7653892279305
P1644,58.34939953016775,64.04749858130971
P1645,56.861330469577474,63.70382506735066
P1646,67.09265672574018,53.80486104559214
P1647,66.38482693044094,66.52110566495769
P1648,53.964891760713925,60.161094231278426
P1649,68.38196513604102,60.74521904025771
P1650,54.233247447020204,70.11791544064128
P1651,61.69276438142957,60.779334905586204
P1652,61.083124877023096,60.38411292361875
P1653,65.50410699211302,69.7761693419291
P1654,62.66003099410972,66.62747477561157
P1655,68.80594062433687,64.99858847324701
P1656,54.090629372896,67.02263260774538
P1657,70.43023524768557,60.433582280663664
P1658,58.19268616653007,66.87400717145654
P1659,59.7304757549713,60.579633888302084
P1660,65.60928928115236,75.44018324907766
P1661,60.980657295119535,60.931692696188
P1662,52.255197374732624,66.16089191549531
P1663,65.5193867165813,67.13825485922922
P1664,59.98798079540573,62.34827756694812
P1665,54.539181836409554,68.75638096846197
P1666,64.56885810692793,58.0442159598917
P1667,67.94919489090341,67.58332049402301
P1668,66.99797322572897,58.96042513181698
P1669,53.17087922292281,64.32963810604717
P1670,62.51392213447597,73.08362370317134
P1671,63.53039456907566,63.90793425434585
P1672,54.86815396167054,70.53500257723617
P1673,55.176472871246425,72.32810849647545
P1674,58.57807675196745,72.15761932678032
P1675,63.394656450296395,64.38352029750894
P1676,57.403018140869364,63.46591455194264
P1677,62.14158346187619,65.34720423297972
P1678,57.03094295965647,64.25465865357066
P1679,60.39288514859575,55.42069657513335
P1680,62.29084057394349,60.59125448877437
P1681,54.233337983971275,57.4069504380018
P1682,51.03053751066055,58.9004862359947
P1683,56.45489521184755,73.78966611886956
P1684,57.37060162052398,65.79987547820615
P1685,62.00240693253164,65.58979333797132
P1686,59.61278269637003,59.6211780638034
P1687,67.25463774139607,73.13238489637048
P1688,51.586706529386575,60.391871341011296
P1689,58.60094828811497,60.659579922904136
P1690,62.52982776727933,61.72277508917024
P1691,70.82528033903301,70.35746867454618
P1692,61.06287015316107,69.6214381849388
P1693,65.52950212178655,62.4622363037379
P1694,55.91891377729018,65.35164378336341
P1695,64.30818062248972,65.62577179394037
P1696,52.11501758904501,61.38729000222121
P1697,59.63013568202811,64.65950478053377
P1698,69.86271088394903,58.76305425920451
P1699,62.527946209179376,71.70100898747731
P1700,71.35724872711398,63.180211595672176
P1701,62.457147263601,67.56392160739391
P1702,60.97740865776645,64.55519659442312
P1703,62.17987694750023,53.604892616511414
P1704,63.410347450313154,65.56780056647885
P1705,58.88762551610867,74.210879880738
P1706,56.62532990604724,63.186158049207364
P1707,69.95776651102366,61.25572412817564
P1708,57.2494235853173,64.33838559456117
P1709,64.20367241064774,65.93511128308991
P1710,53.536873264238686,62.60524146592765
P1711,56.963227833938944,64.6525052964963
P1712,62.129218293149144,66.88192590149588
P1713,51.11994122975799,69.78773444402385
P1714,61.262844229983116,71.23039421417258
P1715,62.22099163645336,69.95595330981092
P1716,62.33272655725064,71.05801590291237
P1717,62.611253180088895,64.55938139100694
P1718,71.3621736022344,69.00066705025951
P1719,62.868722105022066,59.25663012557749
P1720,53.55846191268231,66.31721966963833
P1721,60.727605988841205,62.23644845746258
P1722,60.7049134980603,72.14882117619618
P1723,63.477012372751496,59.865461706112676
P1724,59.44245586428528,61.377650836163475
P1725,58.06150041795719,63.13872950466661
P1726,57.611772086979975,59.35189082611972
P1727,59.36172659240905,62.477265634187106
P1728,45.35275654998866,74.23837411025748
P1729,65.44384827108335,63.30664673783752
P1730,60.09409524870299,59.727555437070976
P1731,68.47861438905433,73.537799126479
P1732,60.78346864123262,69.60588789883406
P1733,60.87643389466962,58.98473552505831
P1734,57.940883155181716,65.5936758504738
P1735,57.72726140628278,64.01606025154234
P1736,59.543002212454425,64.63604675960542
P1737,60.26129245248742,60.227277201215294
P1738,56.41491925436032,59.219370804350135
P1739,64.889077748431,55.52458876171854
P1740,65.76795171658463,71.2385722876828
P1741,58.489097065086895,53.285883104777156
P1742,58.193447190163546,64.71117127420031
P1743,54.947008900355435,62.681517227862905
P1744,67.65097599431675,67.99217223035784
P1745,55.3771794281095,57.81080373682055
P1746,58.36491341195114,64.03944449292302
P1747,62.48099593681658,62.591074793445536
P1748,62.55749787680931,73.70819318027102
P1749,64.07750511222132,64.78360171701152
P1750,59.08424764473352,63.39497089619058
P1751,65.90320456226073,62.177089493219135
P1752,60.22611354499991,65.23039055846489
P1753,57.49107903594234,58.823905034521545
P1754,61.61487251808834,64.72548212665077
P1755,62.50120234718285,62.59879862102375
P1756,66.10410649406523,61.0545179845467
P1757,68.56020142008947,57.13563570577282
P1758,62.17385032278445,67.13943807136981
P1759,56.02221466029559,66.90977272037456
P1760,66.3975933488008,55.02431522290671
P1761,62.513724037454075,53.78028130851465
P1762,55.17167598238396,72.33124864205425
P1763,57.09108983303973,59.71754016015962
P1764,59.01031135507659,74.30557852173598
P1765,50.84158876396987,60.26910539762295
P1766,67.48715841589814,73.3596605459198
P1767,59.48284387854858,59.424262838630106
P1768,70.4792175090458,72.17499076287139
P1769,63.39473493881116,61.34418942978161
P1770,59.754853295809816,64.27837963529826
P1771,61.65425652307789,71.529506471591
P1772,64.39708520568702,60.15180765356859
P1773,66.8824822500977,66.4090946300592
P1774,63.43532897929458,71.59943386675371
P1775,54.442098752432244,64.83878489582092
P1776,57.342727243203925,57.94463258585545
P1777,61.7335498880246,76.3020044821299
P1778,50.799611277471236,64.85473725027738
P1779,63.20271467537387,65.55385190745281
P1780,59.434359737421296,59.15352636449379
P1781,61.16393371470082,61.59456210342833
P1782,49.05039147510723,70.37566499231178
P1783,64.79192909921021,65.23247439582985
P1784,61.14537344102851,69.83443105722003
P1785,61.12169828389041,69.06807899642591
P1786,58.51258899563075,70.90392682358276
P1787,61.60392862966342,65.87323374622643
P1788,53.64969455643984,66.29130134435769
P1789,55.840225412527744,62.12772773062178
P1790,55.92312185841939,60.20194280645349
P1791,70.62385701508481,70.99102577894782
P1792,69.60183751072131,59.49697241199996
P1793,60.35626874955446,59.17921568658157
P1794,56.52152561401468,60.86842857462541
P1795,66.1979200322078,63.21696644854208
P1796,65.34189666847008,67.71854400314834
P1797,71.51819376052394,58.34250099587124
P1798,66.29616619893399,70.15898391680328
P1799,55.13310580986483,69.53210001412921
P1800,61.68072481513114,63.97635683020967
P1801,55.880322565140006,61.76400746847867
P1802,70.24906047892964,65.00307268530867
P1803,63.910650007657296,61.44095278249601
P1804,56.1007352688918,69.86893164162474
P1805,53.25211894224234,63.13153804442628
P1806,60.17013705536116,65.50117670828024
P1807,59.104533574919216,66.78118901493166
P1808,63.46427877908906,68.30586895456699
P1809,55.07098095666087,63.721302059320415
P1810,65.9738143093847,69.02591234408243
P1811,53.13570274259468,66.5816595515849
P1812,50.10887375312595,65.21120705927166
P1813,69.48883508372988,60.73448277228956
P1814,55.82838477254209,68.43813401707787
P1815,52.28599242395177,62.152602365517325
P1816,62.98220568790876,62.14571368539769
P1817,58.82015006394514,68.34883569641765
P1818,62.10773041768281,66.20068278332931
P1819,58.304388603649805,66.6652750187103
P1820,59.38133659950122,67.06012524466603
P1821,57.51533987441011,64.17843961529206
P1822,55.05021103723993,64.84246575497194
P1823,55.94499568185577,59.98679097427103
P1824,61.29330573927694,65.95732899135947
P1825,63.91436867474286,63.05993493691206
P1826,62.04026423418378,67.47858907523148
P1827,62.223869039157975,61.28455842739036
P1828,60.74681741135594,66.63863133224598
P1829,60.03589233453971,55.61085053733012
P1830,60.8024481198674,74.95638967728759
P1831,58.19980365621509,61.723653059651056
P1832,61.86674279855699,66.40570194709957
P1833,65.96367582708207,59.33959329841001
P1834,63.65690126287496,67.65689927563159
P1835,59.289267315297266,66.52409293064761
P1836,65.14728740799178,68.92541921012803
P1837,54.28490343963136,68.69071184039969
P1838,59.67655697483741,65.32793344106982
P1839,60.36598495500847,64.32390655040783
P1840,65.95853748553533,64.62326918067855
P1841,54.402269358084155,63.22911564813622
P1842,60.89347358405238,70.53146652933673
P1843,63.015473424744165,61.1725912456383
P1844,72.42594958339446,66.19148889940091
P1845,66.37695368999508,64.31728504890246
P1846,62.66679622352725,68.77760827033282
P1847,66.09097355877128,69.75815737420201
P1848,64.36098500036489,63.58210970962651
P1849,57.141269790219695,66.49673379645888
P1850,64.66564036170534,63.99775684650527
P1851,65.32585982857194,71.5367753546878
P1852,55.4183954046329,61.23385683291674
P1853,59.29812470547332,66.38425700685139
P1854,57.37716493116474,71.08491205490215
P1855,62.12033430759226,65.17751171708333
P1856,52.820452380657365,59.07882882607622
P1857,61.40504625140903,55.403319682303234
P1858,65.06318704822036,64.28830770032455
P1859,76.21546484797366,75.3856231277725
P1860,59.09275465376242,64.52148348860908
P1861,64.97790757001015,72.66427674463117
P1862,51.80985471281991,56.96131040590391
P1863,56.889825972228095,67.62231912428238
P1864,62.48436795253799,69.81397154742733
P1865,54.00151235817346,54.577352616640056
P1866,64.29007097651072,61.27311677165645
P1867,49.90756067805681,65.65278685681722
P1868,63.96587844109339,64.45074290545425
P1869,57.710758069087554,64.28286995534341
P1870,58.14708618799609,58.933787996269245
P1871,56.42659661504784,67.34575957256216
P1872,61.6083927068825,65.7562691268507
P1873,55.0242575907331,64.1832357703895
P1874,49.11467476778573,65.80314498748426
P1875,67.14428853906784,58.366405405810525
P1876,57.070361633411224,66.48098050419559
P1877,66.26421317213742,62.98298922664933
P1878,56.53874835367052,56.139845859127625
P1879,60.517190646540534,74.18934218064685
P1880,61.38679230982338,64.89974459367329
P1881,61.61041155383493,64.95008598223129
P1882,55.93492813869935,68.70475962054968
P1883,61.12880761555877,65.07925963370145
P1884,55.12316986360875,70.86578569370641
P1885,63.32351372666555,62.51185623184714
P1886,65.00912426840969,62.76093122726657
P1887,56.08998253744482,61.58133597133871
P1888,51.144657234559546,67.12194071188192
P1889,50.84427560830825,59.47200275930407
P1890,49.62205995460734,64.61268638244098
P1891,59.24839769864064,63.52986704066136
P1892,54.78711152664712,59.72494810953512
P1893,62.32184931773287,62.522516307311804
P1894,61.58179160768072,61.016380912441
P1895,60.90531371385541,70.8647511679223
P1896,62.930829001963914,63.14413781802584
P1897,61.285994851779634,63.91700671461404
P1898,60.03940092347364,63.53475026533173
P1899,59.17832397057305,65.95442008883379
P1900,55.033206502090245,60.4285452785451
P1901,53.05728723084395,57.79878002973331
P1902,53.913586538897604,65.71758128061857
P1903,55.53606242254058,67.31126508903994
P1904,60.17356874376281,56.14173103952876
P1905,63.27487792110845,68.6485939051627
P1906,55.03068662582574,66.89086194302746
P1907,55.71750881295401,65.43951669536752
P1908,53.677507965225175,56.931020963594406
P1909,58.085914051935156,64.44321974176324
P1910,58.01160153192698,59.67186248799848
P1911,58.00050468934432,66.2118263866133
P1912,59.77553484938731,65.82125463769646
P1913,56.64942399772884,70.27273061622272
P1914,54.119133317226094,67.19402133689023
P1915,65.9094554647998,67.16408641737003
P1916,58.98737886467585,62.6226632900166
P1917,65.18043825523128,58.59661283632247
P1918,55.149378698101785,63.210990055287255
P1919,66.18826878755999,66.70895436218403
P1920,55.15977120744877,63.60361532576793
P1921,56.928384279518525,61.80594953494909
P1922,64.8944477927839,58.827155918314226
P1923,68.04390427867187,68.7270336058308
P1924,65.45430835301849,62.91677219588634
P1925,59.250296404604455,58.550816834638795
P1926,57.37668796466598,67.22144681439418
P1927,66.48031530890698,60.017794324388966
P1928,58.17247031507367,64.31915350895365
P1929,53.021053989037576,67.6610715879128
P1930,56.38004834128695,64.12074341970339
P1931,57.740253140440615,61.447976724261466
P1932,59.96477507259723,64.0297568964439
P1933,58.14071058860667,61.721922702438455
P1934,61.59762335391478,72.44127770821528
P1935,60.69943616419564,69.48253196710007
P1936,53.048890374232684,65.70992647682196
P1937,54.513158405144665,58.35383782610644
P1938,56.30314296270482,70.36354700486108
P1939,64.75007914334823,66.0935212492448
P1940,52.33649720055035,64.11673706875429
P1941,61.50850004450868,65.78991303310369
P1942,50.78103208259627,60.99356968391058
P1943,59.67961117925642,67.41330909282735
P1944,49.01936089450027,64.27044211034064
P1945,60.71524384939476,68.82325394832296
P1946,63.464287921187186,67.62157093463962
P1947,56.00029746649033,56.413990382945116
P1948,58.034736214693,69.50734321343852
P1949,66.96727263762216,68.19747096034004
P1950,62.14670411400867,66.70837841773684
P1951,57.219406266196096,64.4147286790087
P1952,68.34534762913165,60.75848897393656
P1953,68.07389395354926,63.55087330478574
P1954,66.62716054547539,58.66933245726108
P1955,62.92952100582325,61.684534388235704
P1956,52.923664040379066,65.98340319084926
P1957,65.04735894297984,61.19776352632927
P1958,52.504920197707996,64.5866985604927
P1959,59.562823356114095,67.46743832399524
P1960,64.74797285682244,64.73263168427377
P1961,69.27751657397131,66.00905635040881
P1962,58.2678674699655,57.747946884037276
P1963,58.686702398419165,63.486258745649884
P1964,64.80152398140736,67.08117630830084
P1965,54.10315439183692,65.77514473884968
P1966,63.357655858645266,71.87614111724525
P1967,64.4375198370703,68.42380994440165
P1968,60.300429973075815,66.74740402440553
P1969,66.2475245035308,59.00250171134158
P1970,58.25280336391522,61.523440630596916
P1971,61.89576559363062,70.53599979042855
P1972,57.01512856639463,54.24363034638753
P1973,57.93889627487765,69.11063179407833
P1974,62.6881495147494,66.92683811514759
P1975,58.6000334906276,59.244361687010965
P1976,62.57647160812234,61.24573185484419
P1977,70.92048366690229,67.56728243759532
P1978,57.09675848723025,62.24876638675117
P1979,59.53527896693206,63.92224135090213
P1980,65.58416887764977,65.83887276384822
P1981,56.34184130545736,73.50698308320102
P1982,60.246541657601114,68.45977854186003
P1983,56.958867462776205,66.63402032485035
P1984,61.555549955715975,56.496578185567316
P1985,70.0763755523032,70.80790007415146
P1986,58.01402341927006,60.03978616794865
P1987,61.73780806901776,65.39013964736479
P1988,61.778344742816145,65.8620982828734
P1989,62.53120494652963,71.51287564726313
P1990,62.84051602564323,60.27655025490527
P1991,66.81281426356226,72.38276553569729
P1992,75.76028367256042,59.94427685042181
P1993,61.21441006575137,55.63055583564956
P1994,62.765745781896044,62.53309865824952
P1995,69.61722897412477,61.51423263491638
P1996,51.554084810163694,62.879313166838664
P1997,50.12256114391431,68.37994754528289
P1998,49.6745847687184,65.12805911532422
P1999,49.610940900719015,63.558659879585115
P2000,68.21689077902266,66.62291551146107
P2001,86.1142787776578,34.84398255530458
P2002,90.08107592420001,37.36315172921703
P2003,83.84913736523629,37.962836369236655
P2004,77.8302376577875,31.850577238180946
P2005,87.80276770896805,38.166634130356194
P2006,90.10183883704592,27.972184730718567
P2007,85.56753093382343,35.99340004773703
P2008,89.6441969616095,32.104379451821266
P2009,87.8362479471961,38.48083998579644
P2010,87.67038342208853,34.559543779854636
P2011,99.76471464636245,27.881586815580384
P2012,81.66670770791404,38.91794832399303
P2013,86.94610622417653,33.4088123612869
P2014,86.48479629840999,33.700999296162436
P2015,97.19342150443353,39.0106422930906
P2016,93.8800058034914,27.918864721036773
P2017,84.81980818551209,20.804606702572865
P2018,86.3577863051276,39.78351593192829
P2019,92.32625932086766,33.89243368523938
P2020,89.89964872326875,31.55557228712297
P2021,90.92141497080803,38.82939139740307
P2022,82.72850945665287,36.49823843918674
P2023,94.19595691929601,32.92449855518315
P2024,93.15315275454263,49.07327222236276
P2025,89.53045743155899,36.96653525002662
P2026,86.67874312352373,35.906255813010254
P2027,92.07122231242036,35.97421170135069
P2028,85.41137106131015,36.03180885662725
P2029,96.57988172422937,37.24317882257264
P2030,94.32894235082328,33.81494014993686
P2031,93.3745510774067,36.39633919108263
P2032,85.72090171640745,36.59260502399437
P2033,85.5373650145186,31.83559862557604
P2034,90.85197738281569,36.48622136690062
P2035,84.64845390715291,40.26992885591438
P2036,92.57402825235212,31.47635782194558
P2037,83.08086841597871,34.275477104592845
P2038,87.99325328762478,35.56570228526511
P2039,88.36597502479995,24.96271569627495
P2040,88.25243877764478,33.471904444658435
P2041,92.85147461148327,31.50900162694475
P2042,97.55403603017655,25.441797246741217
P2043,95.90025374011181,33.87840514560948
P2044,93.86813192554601,35.399007420293664
P2045,95.12799991211462,33.063190177235946
P2046,85.05620808669984,42.10252143635532
P2047,89.48933709353037,36.10779236812105
P2048,95.55638361320158,29.840223789527826
P2049,92.67970903937666,32.050526217685544
P2050,89.40523789960032,35.36139482692145
P2051,83.2490016234888,31.105814785897827
P2052,96.07982801585912,39.43095594292398
P2053,89.71812190202745,36.21561729256447
P2054,88.67590872463595,41.78291692913991
P2055,89.09841339992626,36.15921046067424
P2056,95.1571356486393,31.113142575770468
P2057,97.01455133023602,27.347692951283115
P2058,97.3333895900076,33.13662208024013
P2059,88.90785563478623,25.549949144085286
P2060,87.95342377180039,29.80096734486558
P2061,87.26559144581937,34.313445171055605
P2062,94.31006226512808,36.03801675700313
P2063,91.384544940305,29.522403055772187
P2064,86.03660659678772,43.993625091756556
P2065,86.6915953435654,43.28104126028648
P2066,88.9062246050361,35.01143968071752
P2067,94.81664322103468,41.35946210969328
P2068,89.5013434787441,33.058784732392304
P2069,89.74835798165005,36.68978764116059
P2070,94.0108665909139,35.021149294970755
P2071,92.7849883411042,43.1917986613547
P2072,91.71589325519153,36.55826428002389
P2073,83.1649012870947,21.84634931585468
P2074,91.74769078153575,34.52587884359564
P2075,87.68347796288366,36.217651020931726
P2076,89.7281832186139,40.63890125316949
P2077,90.3874989071654,31.265383574649164
P2078,94.4557480753168,33.91434462526899
P2079,92.36941507652539,32.612946469036
P2080,87.07577901526153,35.42084115092848
P2081,90.05772889594658,37.399135176834164
P2082,88.79109411010616,25.81820108114801
P2083,88.05251752385225,38.969092335719075
P2084,88.66180764340602,33.76808298742726
P2085,94.43869427657671,31.440133863705388
P2086,83.05738551790695,34.19684440237253
P2087,87.82121721938069,30.16876840123373
P2088,89.2107969484559,37.45752823623392
P2089,89.95820147294484,36.534905363431186
P2090,98.1603346433194,33.28560569221218
P2091,91.25256885590102,32.453933187004324
P2092,86.19138126050862,32.07546173291115
P2093,87.8455864281524,36.79737898773563
P2094,100.57084104015341,31.4197828186208
P2095,88.12518612473042,34.684384934443756
P2096,91.78109481919387,36.317754059773925
P2097,95.77843107276652,22.86803964732396
P2098,79.25881558411947,32.52060913994925
P2099,94.93785084394669,27.17175984197202
P2100,76.46565447137809,37.85589703109604
P2101,91.09645750666222,29.548957966002853
P2102,85.56507179675582,30.15128140182663
P2103,90.49740892863274,31.868423619084965
P2104,92.22328763538984,20.726866685478043
P2105,86.1441666069249,29.36973019544475
P2106,88.84646694732379,32.30976120754931
P2107,93.59029700953096,25.703316141699712
P2108,90.20471164348838,37.791682116058524
P2109,98.35491346452879,32.591170144532626
P2110,91.46006371958633,25.980686037188175
P2111,79.2361970805914,39.2238718789085
P2112,89.97497867858368,40.892563448992114
P2113,83.81968699963613,37.599510697643765
P2114,98.40968028244734,37.09852804178633
P2115,91.24461677515971,35.04278040412175
P2116,82.9310334429334,41.77786467855174
P2117,87.25114062087721,37.522416281915085
P2118,82.96634562042937,29.1027016774611
P2119,96.45789329650006,33.263488555210785
P2120,96.53973964219145,34.60884670470741
P2121,81.71146002168965,39.4603379986586
P2122,87.34548457009977,38.493444067585216
P2123,90.11344890393038,27.284408860285648
P2124,90.73932644416756,45.981115710763994
P2125,92.21843906331506,34.712411234972684
P2126,94.83904530880604,36.05334232601555
P2127,90.94290403618257,29.541874139204488
P2128,91.05231611605319,40.177217082084724
P2129,86.2377203155499,42.122479106234735
P2130,89.58732289134693,30.561152442307296
P2131,94.4893443461411,33.566028821308656
P2132,93.41781699368748,33.54120683870731
P2133,89.73078235411543,37.467801021671455
P2134,91.30903675915502,25.022341097741307
P2135,84.95440316957524,39.64704992395408
P2136,89.40538534994303,32.38134348614289
P2137,83.88641693134136,29.60131839362076
P2138,80.90190612017123,34.49359640649234
P2139,87.3070308873853,30.167060545073426
P2140,89.6934445867442,36.81985315426369
P2141,99.41939069494475,27.440582902183934
P2142,95.21721469485234,39.86550780507536
P2143,86.49408267280485,36.01617977293016
P2144,87.94065037798073,35.92844290209369
P2145,96.79108956032047,38.02803116315656
P2146,92.2887376795505,32.84845340022679
P2147,83.32174500784049,33.95765894729796
P2148,95.42973669688762,27.36416071705176
P2149,85.25209784320487,35.63133868117034
P2150,85.56905346818732,31.03738276442394
P2151,88.0938063822232,28.171912979049253
P2152,85.61645169202635,38.51713958393654
P2153,84.11683597996065,27.010639327525812
P2154,87.16488759209747,38.659777512549226
P2155,89.113851864014,32.67709460942191
P2156,90.19961458882022,26.27146283570174
P2157,92.22617544198765,36.91717515701822
P2158,88.15811186656926,40.02962255898208
P2159,84.92626755471133,40.63954496626785
P2160,90.69522149517863,33.31723705060913
P2161,89.9105686408426,34.46367617094529
P2162,95.49127303387972,29.61660436264493
P2163,86.5686634238403,40.1815144603624
P2164,87.32009279167264,39.50266538665796
P2165,97.6474619235392,32.991024865291834
P2166,93.06613046958887,29.23153859330071
P2167,93.39629984130514,35.99711992993384
P2168,92.12867226972097,31.772139639823024
P2169,82.52512462994773,37.516260323747524
P2170,80.71468581384245,33.413247538787324
P2171,94.23531839888986,35.95948867936518
P2172,98.76754190155415,40.12554576290887
P2173,87.0574572525349,35.13656689925719
P2174,89.78683183855004,27.089116183269365
P2175,85.76820487582042,32.1961954651007
P2176,80.83700773714828,35.23746734125822
P2177,88.87917669906132,26.63553049344213
P2178,91.81895789374799,38.5793637234548
P2179,91.021655154892,33.37965912395515
P2180,92.66148968288334,38.40110180238346
P2181,91.3833160637386,30.876938747826195
P2182,91.24470344480031,40.977403254127395
P2183,87.31516923624721,45.489696695662154
P2184,87.63466079706578,35.16203506670068
P2185,86.97381481797149,36.1163541796013
P2186,82.16000238314126,32.269791005916396
P2187,85.08545459843145,35.676691739461454
P2188,94.47501318979008,38.230030935572756
P2189,79.32753287613498,45.2103482646394
P2190,91.32875973279391,31.117504297535
P2191,90.70707563545923,35.88094911251346
P2192,86.99918077371797,35.989583336710375
P2193,87.26637470570861,32.97819003654989
P2194,86.91174388910213,27.836643551301737
P2195,90.65626411596922,37.92649718258169
P2196,92.31697618234368,39.09962626317617
P2197,91.4595309450669,32.33637250891548
P2198,93.77848738994035,28.212412300790326
P2199,85.94697877869385,30.178999642883777
P2200,94.86025226612689,39.713942570700375
P2201,92.19287356670247,40.359649326058985
P2202,86.04322747914605,36.7429755993049
P2203,89.43671507227576,39.23441051942457
P2204,89.4814909535151,33.07528555794959
P2205,92.43408833352446,39.380845835956166
P2206,86.9924466231894,34.69462164323812
P2207,85.23701714861257,22.509694912535302
P2208,90.90206834136178,38.04452678127316
P2209,91.17930064089026,25.252191411228164
P2210,88.42117756465586,23.908261199744594
P2211,96.16365498444384,29.569727089409568
P2212,95.64931624256954,39.729348218420725
P2213,85.94734341358772,29.336075243661277
P2214,91.57666597373853,30.778379814084644
P2215,90.46118088971194,32.585862045965406
P2216,81.98478713490465,23.847659904377707
P2217,91.02007911822568,32.192211268346874
P2218,87.51109582388641,38.479319195468925
P2219,95.280490244846,33.63727639319095
P2220,88.46730581890563,37.50071516556942
P2221,83.89378993635191,36.11576527373848
P2222,92.4834868731997,38.401151042088145
P2223,81.28461283873891,31.193223650955296
P2224,86.0478153622944,35.499434772046065
P2225,92.16335060895592,42.483552037229906
P2226,87.77265533834367,32.51213750845393
P2227,95.17352408495437,36.482884692651524
P2228,95.70443180034589,36.44364001504918
P2229,84.79297521579028,28.334358226110968
P2230,83.01819487923481,38.31025917379237
P2231,95.34868570389153,44.2468107069319
P2232,93.79397399545458,40.81419288767493
P2233,87.38992650305842,29.21792091628072
P2234,93.82535699587899,37.088403761197
P2235,90.48349968453401,36.93685740316495
P2236,91.45433467106193,41.41908429926781
P2237,95.8274351316763,37.72110176170173
P2238,93.80611292653317,37.570312762123876
P2239,87.92473620584421,38.7828233745657
P2240,83.72477219013332,40.269457761479416
P2241,84.62464677105284,36.429016433973665
P2242,86.19680718708229,37.766944915372136
P2243,89.84733648332441,27.026220209183336
P2244,91.89314833958315,32.110396115836444
P2245,93.96516024366016,35.006628443672035
P2246,91.77939443424617,30.21215522492394
P2247,87.34800495857687,32.706806819494574
P2248,93.8551611610915,43.386885439027445
P2249,86.37672711715706,40.3842407232884
P2250,80.23645162023433,29.029052994538553
P2251,85.6854969471595,28.237456552796388
P2252,82.87385224595589,37.06499456068899
P2253,89.03669536022463,36.89702698802555
P2254,93.10712708754681,36.328084965862665
P2255,92.95993429267668,34.65233856878865
P2256,84.65852975262415,40.28907090410398
P2257,87.34899540248493,30.32201850618787
P2258,89.1993695588802,30.435945403517437
P2259,88.12156328104756,36.72026960781733
P2260,91.56753782660758,30.510849667871852
P2261,87.80532582173065,40.37166502385122
P2262,92.23380052980274,45.37532519674271
P2263,95.31057678183687,40.721465342799696
P2264,83.75459152294889,38.819301758167114
P2265,89.7610193923639,32.24509098230875
P2266,90.75606903239638,39.72605767305742
P2267,92.25374215951895,30.6076309932897
P2268,93.34106511116678,31.81206228962018
P2269,90.97507403533929,33.48324966261433
P2270,89.01510186718968,38.83121487520255
P2271,85.31912826082846,44.72597537138466
P2272,81.80511268817477,32.01166158372571
P2273,91.66595350473783,37.92157083217655
P2274,89.54785925742733,34.71304648499229
P2275,91.84747538397427,33.8446526127116
P2276,96.26931566070708,39.19674557115801
P2277,93.92770957952536,30.169216383147916
P2278,89.64275209017434,33.49767025639648
P2279,85.4747938093974,36.800820919728835
P2280,87.58059408999083,38.27701914925119
P2281,85.18413796697551,43.5952030642091
P2282,85.96650303633572,36.09651168600218
P2283,93.5633668967463,32.146797848999434
P2284,93.83610889544828,28.85408201099792
P2285,96.53452964632152,35.07074632482879
P2286,87.31614866414004,33.50409113786283
P2287,93.64013671226724,32.07772354074781
P2288,86.6278903975975,33.89231701208131
P2289,84.70367049253514,44.10271953970908
P2290,87.45122433953375,39.158083930902016
P2291,90.94261537641498,30.07732974759016
P2292,89.97320380854272,38.92001389655374
P2293,89.15282399211162,40.96556472925514
P2294,94.59681926751838,39.59457427329165
P2295,87.93154452477151,29.600787761092565
P2296,87.23885577586742,35.9812047033336
P2297,92.4560402108956,24.14214297619776
P2298,89.96349059274712,35.79044612661592
P2299,88.75105084658001,41.4563691950794
P2300,91.89801033412891,41.550959540404484
P2301,89.02817765842396,39.68738746253462
P2302,97.35779877537384,41.55846724636331
P2303,85.0853628295707,33.73161961228809
P2304,88.44675882547591,37.446272675381636
P2305,93.0885909975654,30.80553662987132
P2306,90.30527331262621,24.900363339219318
P2307,96.4887525261085,32.43812879661653
P2308,90.25138772930023,33.451751430059694
P2309,95.15712408756036,20.812467793013106
P2310,89.92525345953341,34.47090621251151
P2311,87.95863625583743,43.63113272817816
P2312,86.00701743514902,38.85898088617831
P2313,91.60313754917738,41.30759626267758
P2314,86.99764911850123,31.335155504381206
P2315,94.93231458364829,37.12660654165055
P2316,83.04778193995459,32.303474927683645
P2317,91.73872194231627,39.18882110773295
P2318,86.9434620606317,20.428720050915295
P2319,92.35450433581664,28.898396550280122
P2320,80.92197540844916,20.838370375079297
P2321,93.66291387088984,35.643087252024834
P2322,88.98454628679487,41.94512181481381
P2323,92.86796107360382,43.08150021360959
P2324,83.73269037524851,34.827246880230184
P2325,82.72478981273393,33.853088340722664
P2326,88.88122865804995,38.133068186315356
P2327,90.20503746513855,38.11703569139958
P2328,93.16548059912502,45.77464338691571
P2329,88.58116505121244,30.294886496668106
P2330,91.10737626892384,30.988599864302284
P2331,96.66882345796441,33.583909805273834
P2332,87.45490634456705,32.64342139424441
P2333,93.23287840562239,34.21126508384258
P2334,87.11249930941328,43.32675958811765
P2335,86.14723571702213,35.17783037016497
P2336,92.93537768224604,26.843324447914632
P2337,92.16117225632667,29.72446162259775
P2338,93.70252251375301,30.18674494040512
P2339,93.11746064331987,40.529165331473564
P2340,93.87646436534762,36.25658324119051
P2341,88.95914575681635,32.11790211832578
P2342,96.61965610867696,31.502523899161783
P2343,85.33320266893502,38.32684467516415
P2344,86.41738438566077,30.249682512669363
P2345,83.50378082023606,32.58545080269741
P2346,89.62778239246578,36.215458638303495
P2347,94.28087809934767,37.63448961832897
P2348,89.14107501201069,34.0090216181014
P2349,92.29570861011833,41.36285081464285
P2350,90.5684138976744,32.65434572894795
P2351,85.53210299511504,27.773973677938873
P2352,92.99821352419585,37.889892618197784
P2353,92.59813586297997,34.35670276823972
P2354,96.33120635651288,32.579407527075915
P2355,94.29871156743242,34.80628552505228
P2356,87.26242155894298,37.96265153658881
P2357,91.84336253407797,36.78486379633463
P2358,90.3657528992529,34.810534591415845
P2359,100.74767396791697,40.921283225980865
P2360,93.2527210274348,35.55899579101694
P2361,94.53220740268502,37.589973881957256
P2362,90.11792138748316,33.48217837367042
P2363,89.6358719805179,19.147871320609724
P2364,90.94770377683939,32.5576195994482
P2365,97.16701499227298,35.096720354058775
P2366,84.64966461209266,34.75059922935941
P2367,85.29245511721874,37.36703707856233
P2368,91.30926313952769,39.789198155541335
P2369,86.44103193737446,35.17004048114073
P2370,83.85740192058014,38.50747390962357
P2371,92.33492031198055,37.47902510513785
P2372,90.00728564110624,37.073864453943955
P2373,97.21952598738868,33.57452871478993
P2374,90.62390332669538,29.56936850409295
P2375,86.0928256728075,35.489066465466536
P2376,94.96770096015858,33.718595878742136
P2377,88.93837561809545,32.96557377747813
P2378,87.59359498120054,36.47485727854411
P2379,83.2623405966961,41.40469788333364
P2380,87.00559965841742,38.60951742719071
P2381,84.28500631172756,38.34420065273109
P2382,93.02375073516524,36.921010360029484
P2383,85.52507165190093,36.24774094799039
P2384,84.67624716869526,33.73618372451907
P2385,94.63235895429897,38.98350963535371
P2386,90.06832324143195,30.12596712038579
P2387,92.90514470478386,35.096906188490124
P2388,79.5585798079631,38.91314913158259
P2389,89.89095224758638,41.01225623991536
P2390,85.07128266520738,19.116480934019997
P2391,91.25587736255333,36.457818383409865
P2392,82.39197767577096,30.10750227066697
P2393,102.39847984673956,33.47194692923098
P2394,93.28931539369297,31.746700863158082
P2395,80.59363695516079,34.14870876602047
P2396,88.80477947871253,33.00060880665814
P2397,89.48411624022124,36.32134135822818
P2398,89.32447371935787,28.67996916026318
P2399,92.18783156202872,25.253141223387885
P2400,80.7733914422211,38.69590247350784
P2401,92.2815912246091,34.71302317462982
P2402,83.72048172860218,31.460445296629622
P2403,88.81763963541073,27.020530157129432
P2404,86.67437103889546,38.2616516908834
P2405,96.42287413930147,32.90282623670725
P2406,93.40419759442244,25.429699647062662
P2407,92.96753058501125,30.980257926362594
P2408,91.38305527518587,33.761237908801455
P2409,95.94186304402726,30.62782175830041
P2410,92.82422833902824,33.60246268351733
P2411,89.28762534895651,34.08073053420395
P2412,86.1944710297765,34.92950517046664
P2413,89.7180830004518,36.20620124203364
P2414,90.38027315561789,38.989972748061184
P2415,94.15578877221316,29.746883390860994
P2416,93.90947625265846,29.068317864450727
P2417,92.64535149661981,38.09869392351435
P2418,81.39907398751873,35.46489623264705
P2419,87.89176748987857,31.206173710323124
P2420,96.07883548814553,31.731604296812904
P2421,86.37130381896877,35.378474700025464
P2422,93.08515385834288,34.29175706994936
P2423,95.24866745551164,37.654878309820454
P2424,80.19804906120856,32.35266518246496
P2425,87.47171055291736,37.39680476714711
P2426,78.1883232463165,47.74504854358861
P2427,92.38961742702395,35.74438401958845
P2428,95.31705472388616,46.71827026406312
P2429,93.91835990064781,39.7440654823581
P2430,90.58810511008971,34.292371233165255
P2431,87.85892050197795,30.86944004142729
P2432,86.90843655135227,28.247220178285083
P2433,89.6585784719174,26.576662113868068
P2434,90.8591243586467,34.81834695978829
P2435,90.6612088427401,32.38934214990004
P2436,103.84587166581227,41.80057950090156
P2437,84.39955874961875,36.16434043713449
P2438,87.26397235678205,29.92760136646293
P2439,83.9696756799423,37.161083453796266
P2440,86.93378894218692,39.83913012012602
P2441,94.47201996538698,41.86957192605725
P2442,86.16425955266654,37.37682805346005
P2443,92.84604397489035,32.62910912448017
P2444,86.52702619173206,43.047603328879866
P2445,91.02373144079424,38.17983875355869
P2446,86.30065794677432,28.90357766738903
P2447,87.4374760147855,34.37989306305001
P2448,85.21100996932194,34.95077595674808
P2449,82.40172665369175,29.39976288765064
P2450,93.01910061724594,38.01895260138947
P2451,88.2365545557591,29.911178454615236
P2452,85.37668401813295,33.13365877029343
P2453,92.90033321240381,39.64122845672162
P2454,87.76560719033114,29.23253787007608
P2455,91.2052963703985,30.882325146870752
P2456,87.66786312512458,41.62638045218519
P2457,93.72201942854596,35.78987156125726
P2458,84.27636449499275,36.056982837353296
P2459,94.78195780854386,33.12183167117232
P2460,96.08001340494022,41.463726447591036
P2461,97.48679774464563,36.526215632656765
P2462,92.64326264912705,42.07093644165545
P2463,92.01327271681039,32.49382946104894
P2464,87.98155723562462,36.192774768868695
P2465,84.19247360124201,34.283705423179036
P2466,94.93446203203614,24.043730744173594
P2467,96.90516945807532,40.611871093515795
P2468,87.93105922876286,37.716954139359046
P2469,90.01416477107847,41.14995184219342
P2470,94.42207414246474,27.999646384084954
P2471,92.6426808605888,33.971860731783764
P2472,90.37274656733145,31.35914049515092
P2473,97.86661681104376,40.20030909951288
P2474,86.67102976212165,28.326946965448837
P2475,88.26447316059968,37.17251323045653
P2476,91.080926297758,41.26566412384122
P2477,93.55463874981383,39.84784512876453
P2478,91.47084930274697,28.05350634894505
P2479,89.11935660983895,40.300448699543324
P2480,89.76814682163909,37.51545184311873
P2481,88.5656325813924,29.850940757290775
P2482,89.4449517117925,36.54523721516327
P2483,87.0494052624235,33.82144377571666
P2484,85.77241541106308,40.59622458782048
P2485,88.67494909085384,42.263777725630916
P2486,96.87936532743409,34.59477017639128
P2487,85.46198070353692,24.57051061133331
P2488,83.37583317137944,28.1308258755067
P2489,96.20311332357677,35.57912293613473
P2490,91.75322035841394,23.897894955324368
P2491,84.60915106852232,39.43539888223143
P2492,91.29048350572164,34.263973606572016
P2493,92.54179061370056,43.17898903067908
P2494,89.00530891408327,35.346849013290345
P2495,90.86668613429087,46.96054817636996
P2496,80.55289681011439,38.41611507394404
P2497,89.48338988058421,37.8338586309209
P2498,87.04182350702374,34.75517484570775
P2499,93.20134760759473,50.5645510052192
P2500,93.63616285230933,30.759672009847456
P2501,88.09308143089784,32.73292945808073
P2502,81.91960572316493,33.349549041492814
P2503,93.29773086819785,28.628839404616024
P2504,94.71817192972766,37.43887410542169
P2505,86.69595005113032,34.292351813310766
P2506,97.19244813438465,38.66773906752933
P2507,90.03952644704167,33.81158341519508
P2508,90.34474081703247,32.44118221028848
P2509,80.52862722426444,45.210889552673656
P2510,90.6989624963973,36.99073632561269
P2511,89.7394151255539,31.32441599637706
P2512,89.16333983573053,27.003026189028443
P2513,100.24688924123987,28.827440007888022
P2514,85.3561517226877,32.798703978068
P2515,95.7963407618357,35.07254499631327
P2516,84.43738891786292,41.271691803786695
P2517,93.28950282053466,37.69217478608226
P2518,93.22080408526878,46.97180950291225
P2519,99.8329270276625,31.56642328498352
P2520,97.30748246765019,36.915840948794504
P2521,92.24593117261988,26.538645841783357
P2522,89.23326405575312,30.935882048317175
P2523,93.72626466701989,40.35540250201402
P2524,80.6648114204266,34.88982567997865
P2525,95.04837677157414,34.066605188432774
P2526,93.28078640251064,36.75582733813542
P2527,91.53747104378682,33.643425109658516
P2528,84.52538638138931,29.392349262874863
P2529,93.19208631504893,35.097291277594415
P2530,89.37669489926749,32.88054978838824
P2531,88.62665019533662,40.234558972440695
P2532,88.49140163159387,28.294676433492157
P2533,93.34643298993078,33.97561668067642
P2534,90.14128139489749,43.03789153199755
P2535,89.90747749192272,36.44591836559363
P2536,84.69484428915753,33.9016527382452
P2537,92.7428672034387,27.223131330793787
P2538,90.90380291902069,35.50395536322403
P2539,90.18579355014347,40.18579449329121
P2540,91.50497331681835,42.39035949178222
P2541,85.52884717982684,35.67962283609174
P2542,90.38010053875476,29.6537275312246
P2543,94.30332750941106,46.62336652926409
P2544,89.92347266482275,37.52510544136884
P2545,90.38033314116898,31.432076650464122
P2546,81.80657874989093,31.471132584523176
P2547,83.73618728571721,43.52051039029559
P2548,89.48200637734543,33.27040335476415
P2549,94.00119221154513,29.39124448572056
P2550,86.54911182897952,35.34036134624311
P2551,94.62946046140566,37.50842522584394
P2552,91.11746314132147,35.39058867618008
P2553,91.8010613498705,36.008264525646275
P2554,85.36512476350379,35.230396108165756
P2555,85.16840103487012,35.405412714504116
P2556,87.83708426330291,47.696908113914304
P2557,89.8204752731173,27.978802168692056
P2558,89.39618905195384,37.59679372818944
P2559,97.53013775768636,32.052738000306405
P2560,82.87907411689362,39.084185057154905
P2561,83.78730582345158,32.819222792462575
P2562,88.84070781520053,34.65183273349946
P2563,93.10124005683451,31.58182858856806
P2564,88.76821836524958,34.92864823525306
P2565,90.67319080883455,35.48913587353962
P2566,91.96202598850161,39.21919754820868
P2567,91.76685352042935,37.26792761754609
P2568,82.87999574964086,35.2511384958284
P2569,92.15778396600724,38.64470597285225
P2570,86.88442151594792,31.704803625556774
P2571,87.4165469612238,37.682069499456716
P2572,94.65246474715894,32.962699463541995
P2573,94.08583041132172,35.61739904582297
P2574,89.44071400276904,33.943078850910155
P2575,93.3597511407097,36.62788908393535
P2576,100.24121442441437,30.738876785013378
P2577,92.33145765913488,32.353994950942436
P2578,86.0882085585511,34.94566431482514
P2579,90.61808615733166,49.59086777530047
P2580,89.1713438294256,29.349106352576584
P2581,91.22854822872473,24.62679981226816
P2582,89.5861944782808,35.0801264114758
P2583,93.57570172325345,39.86811124713923
P2584,87.73393671491527,34.246929926850335
P2585,86.55245626225198,29.35968722596153
P2586,91.39452650721286,28.632072257017004
P2587,88.13417894742662,30.024130200503812
P2588,92.47357433830616,44.00715049633244
P2589,84.14285407738501,25.734907585512154
P2590,89.43800901592469,35.078488979788794
P2591,90.98396688040783,32.768397423828276
P2592,89.09712315528556,36.83755205270301
P2593,94.68193901690178,25.224756148408588
P2594,88.33977252435842,36.06904396970532
P2595,85.86910752925169,43.6558481588365
P2596,87.14065553897068,34.79353656496359
P2597,92.50209943579031,32.04357605599053
P2598,81.69042128488013,32.856727365417335
P2599,94.63248250167169,33.31552436607431
P2600,86.19104564343459,39.62836104751361
P2601,88.51151296789627,32.44919593174891
P2602,90.67255240348489,38.85375104809394
P2603,100.71771089279646,39.136180538287114
P2604,95.21927984874755,32.470169005060725
P2605,85.38359352313736,35.311656748095615
P2606,90.48226461866818,29.607436293177013
P2607,89.21117461543194,36.99658800859565
P2608,91.62177027758136,37.52143926692136
P2609,91.30934128561849,32.46495670364972
P2610,87.6874471800802,29.005243010030618
P2611,98.03148767633293,35.06725182309646
P2612,88.98816124892316,30.356039592737705
P2613,103.210460560475,29.63335983888552
P2614,88.07018433477268,37.0791841814303
P2615,92.70095834584924,39.78966027607842
P2616,98.13423828496168,37.530788277303564
P2617,85.24786140015,33.71527437439109
P2618,91.38524567631248,45.34113020752912
P2619,83.70987534709066,41.012882526126134
P2620,90.80961466295888,39.1891526761474
P2621,89.5410237751383,30.787836849368368
P2622,93.37892750730599,38.27215513552811
P2623,94.37425634582875,34.93347682310682
P2624,87.30080089506068,27.206065024880793
P2625,93.68717970662733,37.11944741221993
P2626,85.65397815211219,32.30713163351688
P2627,87.89958534621852,27.58507784008791
P2628,86.3204292152769,29.33084821596823
P2629,88.14384444650429,31.306512508352185
P2630,82.67847785609963,45.11295115284741
P2631,95.63643328963154,31.104902892400073
P2632,91.22589628494124,37.08732544910647
P2633,95.35988634648065,30.906974866699606
P2634,94.91448052792092,32.260473478965324
P2635,83.98861918124123,38.62068279657249
P2636,95.80841290855092,47.939544867653424
P2637,84.60123630709404,38.49459842540394
P2638,88.1558944029291,38.916793552620156
P2639,83.38279701945937,28.68615112150718
P2640,86.50856329575082,35.39482022834042
P2641,87.1151343005774,38.2952717195671
P2642,94.62102578216061,37.99788770622678
P2643,97.28454437847391,37.079133147276714
P2644,84.52396480346926,41.8168825676917
P2645,87.276796939773,39.552092498427854
P2646,97.08180397449797,37.283440053651994
P2647,83.26728534075907,30.40893916745104
P2648,95.95235010098311,34.15438657178592
P2649,90.35808090723975,38.79412208081805
P2650,93.13345287936146,36.3939990619273
P2651,89.0609923295079,33.43665777133821
P2652,93.86054471381104,37.76784765533897
P2653,88.84214999721995,40.410561564965704
P2654,89.41934648191598,30.741689128328034
P2655,86.58463185493495,30.10629581845117
P2656,88.77415492528341,41.168621391680965
P2657,86.37707168536271,35.94237880509051
P2658,87.04489794467663,33.69845479364281
P2659,83.20481454606636,33.897308854217314
P2660,89.12832579087767,37.70143972017848
P2661,91.00476410964917,29.008039375239775
P2662,94.87889209819595,36.05151520110998
P2663,90.89277082729869,34.95408823307431
P2664,87.67009148750002,36.08901169874363
P2665,92.14014796167862,26.265521543272225
P2666,87.57557623194256,33.72526514798205
P2667,91.15276772562426,40.96655502963563
P2668,86.52716633431447,32.51019076591079
P2669,87.69359650209053,30.992362049477293
P2670,88.43766077199481,38.854011099939854
P2671,85.25774027086044,37.139071975764516
P2672,82.34143996491748,32.19331001778897
P2673,88.51729814901907,43.37429836457032
P2674,88.7633896286129,23.993782632745408
P2675,81.00499991912437,35.1701479317334
P2676,92.76196885105459,36.877279288136265
P2677,90.75406547610446,40.811297987528334
P2678,87.5718395066829,39.474552780134125
P2679,82.65593301738112,30.47526083530967
P2680,81.86831372280683,33.625773496651036
P2681,89.79182452230145,35.5705074611326
P2682,90.2784750879921,30.36223334594136
P2683,89.14391620014052,27.51276665697126
P2684,96.13453038809513,33.481869635509995
P2685,87.80001246430339,42.944701642220416
P2686,84.40989059902847,29.372064429840155
P2687,85.06700853809146,34.66064309150259
P2688,91.94234233336918,38.69837734058917
P2689,101.57397892872736,23.75283772899618
P2690,92.73931015105988,32.214347137138844
P2691,87.36113183000052,31.90113935873061
P2692,85.91053648136412,43.422624173017255
P2693,93.79033797156256,35.115979892786875
P2694,96.0795708861915,27.437355173505622
P2695,84.01182690901084,24.11016133902656
P2696,86.8526345694452,35.80849263352376
P2697,90.4628636006955,35.746709555299404
P2698,83.65024426020263,39.01577371307011
P2699,91.0783238320755,38.665271407329996
P2700,81.48257020084476,36.55745429398895
P2701,84.65505642037112,33.01338373724319
P2702,92.40464204386373,35.455468031279565
P2703,86.16807009099307,35.031365780922094
P2704,83.1080910814036,40.751336979491484
P2705,89.07622191226687,40.59274972127663
P2706,87.6306074080678,32.382120057967086
P2707,86.56115946012969,39.38086965846538
P2708,86.80755979202186,38.222977162075885
P2709,88.2789642104882,25.120183500541902
P2710,87.43358669496091,29.104458928185757
P2711,90.15256225657052,29.047961321627547
P2712,94.16688795321578,34.544620698234866
P2713,89.20081802358567,38.27946068893792
P2714,94.33758120334139,34.89950624115174
P2715,86.5295986520282,26.130151919439353
P2716,86.91277609334169,31.913938766760193
P2717,90.48175853846533,33.27426559430987
P2718,93.09569837423143,31.935083643646553
P2719,89.74331474916177,40.91993721598445
P2720,91.53821346279734,34.69981229155718
P2721,87.29125001129171,31.833843016425114
P2722,86.17224036171623,32.29496567108551
P2723,93.40049627434942,33.890558643538654
P2724,83.92602118778446,43.84084646529892
P2725,91.43984336015323,27.96528299743415
P2726,88.01167982741629,35.554431914142086
P2727,97.6706644198382,29.459437708705654
P2728,94.39218323710176,41.99743213486172
P2729,87.17105562716444,33.612431905698834
P2730,85.33660838681803,33.982694294598474
P2731,89.8353451154568,38.298249990411854
P2732,94.90582561959201,31.259519676891763
P2733,81.14703721098303,34.89377610361879
P2734,91.32091888485888,36.24708843842521
P2735,88.5299703862093,35.62376049831967
P2736,96.81950163758512,36.90867084481255
P2737,88.31984208748612,32.49901091452002
P2738,89.23566439045021,43.1836998091532
P2739,89.17514680713211,34.90102827739646
P2740,87.82958893078664,40.494916787209824
P2741,98.81926764635104,37.25306524715694
P2742,90.37247806703442,35.18391416587117
P2743,79.27061945046414,38.725754321424084
P2744,90.6037488719813,37.14171025330363
P2745,86.79842012662333,33.07771560511454
P2746,88.15038778573572,40.108114920365196
P2747,88.29558073528608,45.413301610548984
P2748,91.93888088556767,28.621586700021343
P2749,89.42154168036619,31.74162438921792
P2750,80.12527888580989,42.99735470056895
P2751,93.16414143999002,37.666036589496564
P2752,90.74431647134867,28.089912156537814
P2753,87.82372287200053,39.208903873920065
P2754,85.26950986597873,22.341153418745932
P2755,88.97802296498584,34.29121222986231
P2756,90.6100353738662,38.64259321757268
P2757,92.86922615504044,36.29384902621961
P2758,95.37989124639019,27.405151095933427
P2759,92.27061816514825,38.13269181668471
P2760,84.42196971263893,27.485646956588052
P2761,86.6432604308598,31.69229278742354
P2762,93.39038758576093,31.927306081544526
P2763,86.14643166773459,31.941831316527203
P2764,95.03384550369395,35.06521687188476
P2765,89.1933703858939,34.449972506494746
P2766,95.81427150446935,31.25414136698379
P2767,95.91978730923047,36.05248149460752
P2768,89.27811278111093,47.50450248967141
P2769,85.24962229590632,33.23157120216497
P2770,84.454059423762,39.76230985268084
P2771,97.60135020143255,43.3496139070232
P2772,95.50776938915702,34.01189766102017
P2773,88.3564156012957,26.644151137529676
P2774,99.16143090831807,37.344890390742336
P2775,87.78619392808733,41.640284444934835
P2776,85.62255967458,37.03311017111337
P2777,89.22316889569124,38.1933856994015
P2778,89.71391907366245,27.74536054444388
P2779,90.34009367701518,40.24432070937681
P2780,89.86852617365706,38.87557560794543
P2781,85.29511731446676,34.86869603365074
P2782,87.1897029521014,38.73490420052355
P2783,90.14171203017898,38.45036838168306
P2784,94.89469691771039,38.458092875606944
P2785,91.2290329543214,30.008938707442972
P2786,89.98746250199895,32.334547989920836
P2787,88.45171219483098,33.12732924624875
P2788,85.5903349134799,25.213307054330052
P2789,86.99335628252504,35.966897259620794
P2790,83.93320329557629,35.078411182358124
P2791,98.55120790939934,40.115282776261196
P2792,97.39593679104239,36.955639384663634
P2793,95.25379420343901,31.380176347661063
P2794,87.10046879840107,21.304298969312637
P2795,95.33765463319034,42.70161989909943
P2796,87.51070239593729,33.73024146801382
P2797,86.60762048839068,36.91326775738746
P2798,95.06219645386459,26.286140130594795
P2799,91.84247338789014,33.61664114140427
P2800,90.5102747638501,37.29497000837146
P2801,89.1530890255223,34.482065732971094
P2802,89.03756174600413,39.85158100894141
P2803,91.88441982057374,36.1029176886868
P2804,84.28071725508472,33.10710128393423
P2805,94.04401122152629,35.18848286561961
P2806,92.96789161315112,43.83255900163817
P2807,94.67372731143968,35.46579168849871
P2808,87.70054873411922,22.23225201972051
P2809,89.24226784887216,33.369937520915755
P2810,91.75664787477919,34.23047386512656
P2811,88.55826723253442,26.1030053474639
P2812,85.77014476882471,37.383255204002786
P2813,97.72158434009712,34.51237308127188
P2814,91.47514983108356,39.76239078476403
P2815,86.35097728709887,36.834070216427214
P2816,86.66779452150529,39.32412219245506
P2817,90.68131371578279,36.4922590699072
P2818,86.47830631161635,38.53516179805393
P2819,99.38120814553957,29.96044152285897
P2820,88.47108446558615,36.15803737084046
P2821,93.53882795398117,32.20226857355266
P2822,77.25136369435766,41.795947470820124
P2823,93.42227753812864,26.285262347566675
P2824,87.265940436992,42.84091214763663
P2825,96.5150838830604,39.693200113394724
P2826,89.20749404718062,35.41493709406255
P2827,89.41083387693243,40.64119891634419
P2828,86.058709170772,30.971001725578976
P2829,94.54623564076206,34.77819272244219
P2830,96.20310309954213,31.64243896509727
P2831,89.75349737847529,30.387935075780234
P2832,90.03313206640605,27.607265315006003
P2833,87.80564960570267,27.81873067535941
P2834,93.12265454936066,38.58294669879826
P2835,82.21381771282044,41.66942872750286
P2836,101.23836806888934,35.23003193368171
P2837,87.11498582898909,49.121652955015236
P2838,84.0646417576387,35.100532334345495
P2839,90.80830022684366,41.72573810226207
P2840,91.61882538807055,32.50683052105774
P2841,85.7196703332542,33.29089089876932
P2842,85.46882687574686,35.23912659892341
P2843,87.46111719062782,27.529811033551248
P2844,95.64815604768707,32.5116373828548
P2845,84.29338437761109,34.15870432756229
P2846,90.30767204685446,26.267666372104834
P2847,91.49241450206593,29.764212156548677
P2848,97.69962964135854,37.619802560383675
P2849,88.20045004450807,31.27416114841325
P2850,89.5276453159637,38.06395370791645
P2851,89.8852764213666,33.91420596431572
P2852,90.26266630868054,31.980705343815227
P2853,88.45557332920633,24.57103780547498
P2854,94.38176803883566,36.49398890160881
P2855,86.51944870184957,44.49367490677619
P2856,90.39157416176575,29.819282140124017
P2857,93.85531839661706,36.99024108254631
P2858,91.77560993467898,32.87122197674205
P2859,92.02723075700115,33.69120854889453
P2860,92.50173653240628,25.475277729946804
P2861,88.04756941659365,43.610775489040975
P2862,86.54819645069865,31.980808512534068
P2863,87.98417397697511,28.92596932055678
P2864,80.06273650697287,33.847068007381935
P2865,90.61136740836746,34.73747465730674
P2866,89.34804647123451,35.21520435425194
P2867,94.60278662197844,34.047769070353915
P2868,87.41662840310728,33.59437257555957
P2869,92.60706041890549,42.06013439271625
P2870,87.1733531737387,35.49466893514442
P2871,91.52260848871182,30.037109966355885
P2872,90.09187725245813,27.671630713289524
P2873,82.03927363317271,36.83373203946128
P2874,88.27256366401147,36.0114020381061
P2875,89.91947260346242,30.117999756681012
P2876,89.79635564116049,28.834493474925722
P2877,96.2593756110063,28.220148275700183
P2878,89.11896628064139,29.78864205976376
P2879,92.56689528012357,33.34284314359249
P2880,87.66599976170455,39.26600772525777
P2881,90.13243766254898,37.58322222967983
P2882,85.58403328567141,27.975915280362464
P2883,90.4824358291806,33.40576822252634
P2884,92.81895602604276,34.600457736687254
P2885,90.92283902655583,26.883087350293785
P2886,98.49796622826415,34.17879007483984
P2887,93.13914136652639,30.81954164890187
P2888,91.38604455997803,28.485776182376274
P2889,92.03430527216852,33.22012957807084
P2890,90.13135726771006,38.48987015065049
P2891,84.45356859950874,31.577541346936016
P2892,92.05795926489044,45.49110737273374
P2893,89.37862949402333,37.95568058961966
P2894,89.51862838563684,44.7112279737815
P2895,82.13750249865635,35.47310522334679
P2896,82.68505184897073,22.467142147316416
P2897,91.33857923903017,35.6974889807373
P2898,88.71823378016009,34.469029549801235
P2899,103.94234745332066,33.70912430984283
P2900,92.29555962562533,31.753175901930597
P2901,91.32854658768271,33.80883162472191
P2902,88.15266682771622,44.094492661001624
P2903,95.29733233432952,35.683733236996154
P2904,79.63104628825215,33.19495388373715
P2905,102.16362403982288,33.84669166680146
P2906,94.96447907424147,42.209712009763
P2907,90.98533762135189,30.79089184065924
P2908,79.041094506977,38.42081604304477
P2909,86.33359798729403,35.88075225943846
P2910,84.37580847184786,33.673812297648986
P2911,90.15173574705474,36.34296790522149
P2912,84.98330015691414,40.98455474380676
P2913,87.31397346870612,26.627652697733772
P2914,89.5093946101644,35.1718765451323
P2915,90.72265244927291,41.8106620184254
P2916,88.93598023468863,34.401901878156146
P2917,85.03567028445107,39.102767514439485
P2918,90.82939078835146,32.89986136352919
P2919,81.42896387940542,42.22206097527544
P2920,84.47544015994774,32.043609953151474
P2921,91.61255029984201,29.017210356916568
P2922,83.27920599786086,24.380262086496675
P2923,93.24448628807536,32.27406877636839
P2924,103.17271541612999,30.028224671845635
P2925,85.85347039456985,32.17303514857299
P2926,91.0941059481232,32.64898330607345
P2927,92.7554949630113,30.10705805005673
P2928,83.78283726691389,26.008926302954464
P2929,79.99391624428262,32.409654902624716
P2930,88.6455885942305,31.842814862584085
P2931,95.59532608734223,41.14015104804068
P2932,88.49338655649974,26.030394434040183
P2933,87.44982701375227,32.000893030414694
P2934,87.04289266974874,31.511405480508778
P2935,87.05941696923837,33.0672919205112
P2936,87.14006505533,36.04161254312796
P2937,91.62165922157187,30.44677456408755
P2938,95.71979396703165,30.09968849079693
P2939,82.71989723783098,36.90389035682526
P2940,86.32166339513547,36.606457353786936
P2941,79.18349129504762,41.962279707415334
P2942,93.0253203361818,27.49761725418499
P2943,83.34550294269171,43.36132952048764
P2944,86.68179043425918,30.82907575633688
P2945,79.80276557632823,33.24610897199223
P2946,88.97526173323911,38.577465483847426
P2947,83.70414707316986,27.39856603879695
P2948,92.02933185649414,40.033650356135325
P2949,82.92981441996953,40.407570431498705
P2950,90.16893828669069,40.459026695373225
P2951,89.68400837317073,22.388610412560247
P2952,89.31614677957782,40.30071909335635
P2953,85.97814291412328,33.06017515546274
P2954,89.2073992340206,20.50243060065759
P2955,97.52106408946864,30.49312160051413
P2956,92.2758094461276,34.56649431925896
P2957,95.65928575361713,37.0302806121404
P2958,88.94284077815561,30.5324245374036
P2959,93.59032815621963,25.632793480226916
P2960,92.90650689124152,29.50477624222564
P2961,95.63527647880488,35.806497713313476
P2962,92.89855695532549,35.4099440691236
P2963,82.11430307186552,30.69635418302331
P2964,93.02575201925121,35.83327908679922
P2965,95.31445457387552,37.01637281518586
P2966,85.64984149183803,31.01967931139683
P2967,90.46312825735457,23.429779669999473
P2968,97.53048848530344,37.208733681887786
P2969,95.52165568671992,27.096980295954154
P2970,95.60054322159866,46.15749455513874
P2971,84.05604740080207,38.857008974518834
P2972,90.00499475109282,27.27783075875878
P2973,92.21797787333341,39.16801602418674
P2974,87.29493051299019,40.829582601276115
P2975,82.49956466944862,27.526219267751777
P2976,90.61468828014938,35.12692638986136
P2977,86.77541930209152,39.04797217985943
P2978,92.38902441397177,39.29069535467008
P2979,89.4458860409148,38.012901339891705
P2980,87.99457363636502,45.269093450432976
P2981,86.34354403445107,45.52648714729156
P2982,90.15699576190234,28.122445552156286
P2983,96.1563570771987,35.629506941974796
P2984,93.83005844271108,41.119279592712964
P2985,91.52079999365262,32.038795775935924
P2986,94.39071019951163,35.00377753727298
P2987,93.08636018373788,24.231347131042693
P2988,92.01141772654434,31.80707087427485
P2989,97.43989336730338,38.11543673944548
P2990,91.07935985632183,37.431549966751106
P2991,85.50701616205477,43.11628345264027
P2992,98.96116688287607,36.96456755274108
P2993,97.15681605858137,32.15425900663733
P2994,86.41298895198759,35.20462374364462
P2995,91.95723467265555,33.0300665937844
P2996,92.41995685665817,36.53194741036707
P2997,85.50761951119026,37.59396508725861
P2998,93.88587709134684,35.85734658795195
P2999,95.18691646467761,28.91298103251524
P3000,92.10577689959334,29.148596468016127
